point_identification;x;y;time;result_type;value
Fenomarker_10;23,92;-5,8;0;Soil.Ux;0,000
Fenomarker_10;23,92;-5,8;6;Soil.Ux;-1,677
Fenomarker_10;23,92;-5,8;13;Soil.Ux;-2,880
Fenomarker_10;23,92;-5,8;21;Soil.Ux;-2,710
Fenomarker_10;23,92;-5,8;26;Soil.Ux;1,616
Fenomarker_10;23,92;-5,8;33;Soil.Ux;-3,853
Fenomarker_10;23,92;-5,8;40;Soil.Ux;5,054
Fenomarker_10;23,92;-5,8;46;Soil.Ux;-1,593
Fenomarker_10;23,92;-5,8;56;Soil.Ux;-5,931
Fenomarker_10;23,92;-5,8;61;Soil.Ux;-8,981
Fenomarker_10;23,92;-5,8;82;Soil.Ux;-10,585
Fenomarker_10;23,92;-5,8;89;Soil.Ux;-3,525
Fenomarker_10;23,92;-5,8;98;Soil.Ux;-4,595
Fenomarker_10;23,92;-5,8;105;Soil.Ux;-9,285
Fenomarker_10;23,92;-5,8;113;Soil.Ux;-5,312
Fenomarker_10;23,92;-5,8;123;Soil.Ux;-13,490
Fenomarker_10;23,92;-5,8;133;Soil.Ux;-11,546
Fenomarker_10;23,92;-5,8;140;Soil.Ux;-8,071
Fenomarker_10;23,92;-5,8;148;Soil.Ux;-0,331
Fenomarker_10;23,92;-5,8;159;Soil.Ux;-8,715
Fenomarker_10;23,92;-5,8;0;Soil.Uy;0,000
Fenomarker_10;23,92;-5,8;6;Soil.Uy;20,547
Fenomarker_10;23,92;-5,8;13;Soil.Uy;12,029
Fenomarker_10;23,92;-5,8;21;Soil.Uy;29,029
Fenomarker_10;23,92;-5,8;26;Soil.Uy;38,045
Fenomarker_10;23,92;-5,8;33;Soil.Uy;44,217
Fenomarker_10;23,92;-5,8;40;Soil.Uy;46,599
Fenomarker_10;23,92;-5,8;46;Soil.Uy;70,196
Fenomarker_10;23,92;-5,8;56;Soil.Uy;89,358
Fenomarker_10;23,92;-5,8;61;Soil.Uy;84,388
Fenomarker_10;23,92;-5,8;82;Soil.Uy;100,464
Fenomarker_10;23,92;-5,8;89;Soil.Uy;106,393
Fenomarker_10;23,92;-5,8;98;Soil.Uy;117,111
Fenomarker_10;23,92;-5,8;105;Soil.Uy;130,452
Fenomarker_10;23,92;-5,8;113;Soil.Uy;133,648
Fenomarker_10;23,92;-5,8;123;Soil.Uy;168,849
Fenomarker_10;23,92;-5,8;133;Soil.Uy;186,772
Fenomarker_10;23,92;-5,8;140;Soil.Uy;193,090
Fenomarker_10;23,92;-5,8;148;Soil.Uy;184,718
Fenomarker_10;23,92;-5,8;159;Soil.Uy;205,156
Fenomarker_9;28,31;-5,8;0;Soil.Ux;0,000
Fenomarker_9;28,31;-5,8;6;Soil.Ux;-3,949
Fenomarker_9;28,31;-5,8;13;Soil.Ux;-6,537
Fenomarker_9;28,31;-5,8;21;Soil.Ux;-12,577
Fenomarker_9;28,31;-5,8;26;Soil.Ux;-8,640
Fenomarker_9;28,31;-5,8;33;Soil.Ux;-6,441
Fenomarker_9;28,31;-5,8;40;Soil.Ux;3,390
Fenomarker_9;28,31;-5,8;46;Soil.Ux;-3,537
Fenomarker_9;28,31;-5,8;56;Soil.Ux;-5,991
Fenomarker_9;28,31;-5,8;61;Soil.Ux;-8,689
Fenomarker_9;28,31;-5,8;82;Soil.Ux;-26,296
Fenomarker_9;28,31;-5,8;89;Soil.Ux;-7,486
Fenomarker_9;28,31;-5,8;98;Soil.Ux;-7,413
Fenomarker_9;28,31;-5,8;105;Soil.Ux;-11,180
Fenomarker_9;28,31;-5,8;113;Soil.Ux;3,972
Fenomarker_9;28,31;-5,8;123;Soil.Ux;-17,159
Fenomarker_9;28,31;-5,8;133;Soil.Ux;-3,246
Fenomarker_9;28,31;-5,8;140;Soil.Ux;-2,894
Fenomarker_9;28,31;-5,8;148;Soil.Ux;7,896
Fenomarker_9;28,31;-5,8;159;Soil.Ux;5,551
Fenomarker_9;28,31;-5,8;0;Soil.Uy;0,000
Fenomarker_9;28,31;-5,8;6;Soil.Uy;22,746
Fenomarker_9;28,31;-5,8;13;Soil.Uy;16,890
Fenomarker_9;28,31;-5,8;21;Soil.Uy;30,657
Fenomarker_9;28,31;-5,8;26;Soil.Uy;36,088
Fenomarker_9;28,31;-5,8;33;Soil.Uy;38,360
Fenomarker_9;28,31;-5,8;40;Soil.Uy;38,968
Fenomarker_9;28,31;-5,8;46;Soil.Uy;52,273
Fenomarker_9;28,31;-5,8;56;Soil.Uy;65,651
Fenomarker_9;28,31;-5,8;61;Soil.Uy;66,502
Fenomarker_9;28,31;-5,8;82;Soil.Uy;76,502
Fenomarker_9;28,31;-5,8;89;Soil.Uy;75,020
Fenomarker_9;28,31;-5,8;98;Soil.Uy;70,548
Fenomarker_9;28,31;-5,8;105;Soil.Uy;82,116
Fenomarker_9;28,31;-5,8;113;Soil.Uy;85,494
Fenomarker_9;28,31;-5,8;123;Soil.Uy;119,589
Fenomarker_9;28,31;-5,8;133;Soil.Uy;116,685
Fenomarker_9;28,31;-5,8;140;Soil.Uy;122,506
Fenomarker_9;28,31;-5,8;148;Soil.Uy;119,104
Fenomarker_9;28,31;-5,8;159;Soil.Uy;125,774
Fenomarker_8;33,23;-5,8;0;Soil.Ux;0,000
Fenomarker_8;33,23;-5,8;6;Soil.Ux;0,559
Fenomarker_8;33,23;-5,8;13;Soil.Ux;-7,279
Fenomarker_8;33,23;-5,8;21;Soil.Ux;-16,441
Fenomarker_8;33,23;-5,8;26;Soil.Ux;-11,969
Fenomarker_8;33,23;-5,8;33;Soil.Ux;-3,949
Fenomarker_8;33,23;-5,8;40;Soil.Ux;3,293
Fenomarker_8;33,23;-5,8;46;Soil.Ux;-8,494
Fenomarker_8;33,23;-5,8;56;Soil.Ux;-4,630
Fenomarker_8;33,23;-5,8;61;Soil.Ux;-8,215
Fenomarker_8;33,23;-5,8;82;Soil.Ux;1,373
Fenomarker_8;33,23;-5,8;89;Soil.Ux;-11,763
Fenomarker_8;33,23;-5,8;98;Soil.Ux;-3,281
Fenomarker_8;33,23;-5,8;105;Soil.Ux;-6,550
Fenomarker_8;33,23;-5,8;113;Soil.Ux;-2,078
Fenomarker_8;33,23;-5,8;123;Soil.Ux;2,563
Fenomarker_8;33,23;-5,8;133;Soil.Ux;-8,410
Fenomarker_8;33,23;-5,8;140;Soil.Ux;-0,098
Fenomarker_8;33,23;-5,8;148;Soil.Ux;7,994
Fenomarker_8;33,23;-5,8;159;Soil.Ux;0,291
Fenomarker_8;33,23;-5,8;0;Soil.Uy;0,000
Fenomarker_8;33,23;-5,8;6;Soil.Uy;20,584
Fenomarker_8;33,23;-5,8;13;Soil.Uy;7,485
Fenomarker_8;33,23;-5,8;21;Soil.Uy;20,754
Fenomarker_8;33,23;-5,8;26;Soil.Uy;20,827
Fenomarker_8;33,23;-5,8;33;Soil.Uy;22,746
Fenomarker_8;33,23;-5,8;40;Soil.Uy;17,497
Fenomarker_8;33,23;-5,8;46;Soil.Uy;27,145
Fenomarker_8;33,23;-5,8;56;Soil.Uy;37,048
Fenomarker_8;33,23;-5,8;61;Soil.Uy;37,437
Fenomarker_8;33,23;-5,8;82;Soil.Uy;25,517
Fenomarker_8;33,23;-5,8;89;Soil.Uy;35,590
Fenomarker_8;33,23;-5,8;98;Soil.Uy;36,623
Fenomarker_8;33,23;-5,8;105;Soil.Uy;45,068
Fenomarker_8;33,23;-5,8;113;Soil.Uy;45,141
Fenomarker_8;33,23;-5,8;123;Soil.Uy;62,213
Fenomarker_8;33,23;-5,8;133;Soil.Uy;76,794
Fenomarker_8;33,23;-5,8;140;Soil.Uy;60,828
Fenomarker_8;33,23;-5,8;148;Soil.Uy;58,276
Fenomarker_8;33,23;-5,8;159;Soil.Uy;64,412
Fenomarker_7;38,24;-5,8;0;Soil.Ux;0,000
Fenomarker_7;38,24;-5,8;6;Soil.Ux;2,053
Fenomarker_7;38,24;-5,8;13;Soil.Ux;-2,698
Fenomarker_7;38,24;-5,8;21;Soil.Ux;-10,013
Fenomarker_7;38,24;-5,8;26;Soil.Ux;-0,608
Fenomarker_7;38,24;-5,8;33;Soil.Ux;-0,146
Fenomarker_7;38,24;-5,8;40;Soil.Ux;-7,206
Fenomarker_7;38,24;-5,8;46;Soil.Ux;6,525
Fenomarker_7;38,24;-5,8;56;Soil.Ux;1,907
Fenomarker_7;38,24;-5,8;61;Soil.Ux;-3,415
Fenomarker_7;38,24;-5,8;82;Soil.Ux;-13,099
Fenomarker_7;38,24;-5,8;89;Soil.Ux;1,336
Fenomarker_7;38,24;-5,8;98;Soil.Ux;0,632
Fenomarker_7;38,24;-5,8;105;Soil.Ux;-1,179
Fenomarker_7;38,24;-5,8;113;Soil.Ux;8,153
Fenomarker_7;38,24;-5,8;123;Soil.Ux;3,499
Fenomarker_7;38,24;-5,8;133;Soil.Ux;15,674
Fenomarker_7;38,24;-5,8;140;Soil.Ux;3,462
Fenomarker_7;38,24;-5,8;148;Soil.Ux;11,665
Fenomarker_7;38,24;-5,8;159;Soil.Ux;4,884
Fenomarker_7;38,24;-5,8;0;Soil.Uy;0,000
Fenomarker_7;38,24;-5,8;6;Soil.Uy;11,215
Fenomarker_7;38,24;-5,8;13;Soil.Uy;0,851
Fenomarker_7;38,24;-5,8;21;Soil.Uy;10,571
Fenomarker_7;38,24;-5,8;26;Soil.Uy;9,830
Fenomarker_7;38,24;-5,8;33;Soil.Uy;8,943
Fenomarker_7;38,24;-5,8;40;Soil.Uy;3,013
Fenomarker_7;38,24;-5,8;46;Soil.Uy;11,288
Fenomarker_7;38,24;-5,8;56;Soil.Uy;20,158
Fenomarker_7;38,24;-5,8;61;Soil.Uy;17,388
Fenomarker_7;38,24;-5,8;82;Soil.Uy;7,837
Fenomarker_7;38,24;-5,8;89;Soil.Uy;27,753
Fenomarker_7;38,24;-5,8;98;Soil.Uy;16,112
Fenomarker_7;38,24;-5,8;105;Soil.Uy;17,424
Fenomarker_7;38,24;-5,8;113;Soil.Uy;21,155
Fenomarker_7;38,24;-5,8;123;Soil.Uy;32,261
Fenomarker_7;38,24;-5,8;133;Soil.Uy;26,198
Fenomarker_7;38,24;-5,8;140;Soil.Uy;34,497
Fenomarker_7;38,24;-5,8;148;Soil.Uy;25,238
Fenomarker_7;38,24;-5,8;159;Soil.Uy;29,600
Fenomarker_6;43,21;-5,8;0;Soil.Ux;0,000
Fenomarker_6;43,21;-5,8;6;Soil.Ux;0,668
Fenomarker_6;43,21;-5,8;13;Soil.Ux;-8,093
Fenomarker_6;43,21;-5,8;21;Soil.Ux;-13,597
Fenomarker_6;43,21;-5,8;26;Soil.Ux;0,316
Fenomarker_6;43,21;-5,8;33;Soil.Ux;6,598
Fenomarker_6;43,21;-5,8;40;Soil.Ux;-0,608
Fenomarker_6;43,21;-5,8;46;Soil.Ux;3,900
Fenomarker_6;43,21;-5,8;56;Soil.Ux;-2,418
Fenomarker_6;43,21;-5,8;61;Soil.Ux;-7,315
Fenomarker_6;43,21;-5,8;82;Soil.Ux;-11,823
Fenomarker_6;43,21;-5,8;89;Soil.Ux;-5,723
Fenomarker_6;43,21;-5,8;98;Soil.Ux;-1,604
Fenomarker_6;43,21;-5,8;105;Soil.Ux;-2,029
Fenomarker_6;43,21;-5,8;113;Soil.Ux;2,904
Fenomarker_6;43,21;-5,8;123;Soil.Ux;3,439
Fenomarker_6;43,21;-5,8;133;Soil.Ux;-15,347
Fenomarker_6;43,21;-5,8;140;Soil.Ux;-1,750
Fenomarker_6;43,21;-5,8;148;Soil.Ux;-0,717
Fenomarker_6;43,21;-5,8;159;Soil.Ux;-1,288
Fenomarker_6;43,21;-5,8;0;Soil.Uy;0,000
Fenomarker_6;43,21;-5,8;6;Soil.Uy;13,876
Fenomarker_6;43,21;-5,8;13;Soil.Uy;2,552
Fenomarker_6;43,21;-5,8;21;Soil.Uy;10,960
Fenomarker_6;43,21;-5,8;26;Soil.Uy;8,056
Fenomarker_6;43,21;-5,8;33;Soil.Uy;6,817
Fenomarker_6;43,21;-5,8;40;Soil.Uy;9,830
Fenomarker_6;43,21;-5,8;46;Soil.Uy;7,667
Fenomarker_6;43,21;-5,8;56;Soil.Uy;11,142
Fenomarker_6;43,21;-5,8;61;Soil.Uy;9,721
Fenomarker_6;43,21;-5,8;82;Soil.Uy;11,883
Fenomarker_6;43,21;-5,8;89;Soil.Uy;21,823
Fenomarker_6;43,21;-5,8;98;Soil.Uy;16,076
Fenomarker_6;43,21;-5,8;105;Soil.Uy;14,727
Fenomarker_6;43,21;-5,8;113;Soil.Uy;13,913
Fenomarker_6;43,21;-5,8;123;Soil.Uy;8,554
Fenomarker_6;43,21;-5,8;133;Soil.Uy;35,979
Fenomarker_6;43,21;-5,8;140;Soil.Uy;25,019
Fenomarker_6;43,21;-5,8;148;Soil.Uy;16,537
Fenomarker_6;43,21;-5,8;159;Soil.Uy;24,132
Zaakbaak_004;1,39;-5,8;0;Soil.Uy;0,000
Zaakbaak_004;1,39;-5,8;6;Soil.Uy;0,031
Zaakbaak_004;1,39;-5,8;13;Soil.Uy;0,038
Zaakbaak_004;1,39;-5,8;21;Soil.Uy;0,049
Zaakbaak_004;1,39;-5,8;26;Soil.Uy;0,068
Zaakbaak_004;1,39;-5,8;33;Soil.Uy;0,132
Zaakbaak_004;1,39;-5,8;40;Soil.Uy;0,191
Zaakbaak_004;1,39;-5,8;46;Soil.Uy;0,212
Zaakbaak_004;1,39;-5,8;56;Soil.Uy;0,289
Zaakbaak_004;1,39;-5,8;61;Soil.Uy;0,309
Zaakbaak_004;1,39;-5,8;82;Soil.Uy;0,441
Zaakbaak_004;1,39;-5,8;89;Soil.Uy;0,451
Zaakbaak_004;1,39;-5,8;98;Soil.Uy;0,490
Zaakbaak_004;1,39;-5,8;105;Soil.Uy;0,523
Zaakbaak_004;1,39;-5,8;113;Soil.Uy;0,686
Zaakbaak_004;1,39;-5,8;123;Soil.Uy;0,795
Zaakbaak_004;1,39;-5,8;133;Soil.Uy;0,893
Zaakbaak_004;1,39;-5,8;140;Soil.Uy;0,939
Zaakbaak_004;1,39;-5,8;148;Soil.Uy;1,002
Zaakbaak_004;1,39;-5,8;159;Soil.Uy;1,031
Zaakbaak_004;1,39;-5,8;175;Soil.Uy;1,088
Zaakbaak_004;1,39;-5,8;189;Soil.Uy;1,129
Zaakbaak_004;1,39;-5,8;197;Soil.Uy;1,143
IC4_surface;24,39;-5,8;0;Soil.Ux;0,000
IC4_surface;24,39;-5,8;20;Soil.Ux;-0,010
IC4_surface;24,39;-5,8;27;Soil.Ux;-0,006
IC4_surface;24,39;-5,8;34;Soil.Ux;-0,005
IC4_surface;24,39;-5,8;41;Soil.Ux;-0,006
IC4_surface;24,39;-5,8;48;Soil.Ux;-0,001
IC4_surface;24,39;-5,8;55;Soil.Ux;-0,005
IC4_surface;24,39;-5,8;62;Soil.Ux;-0,012
IC4_surface;24,39;-5,8;69;Soil.Ux;-0,012
IC4_surface;24,39;-5,8;76;Soil.Ux;-0,011
IC4_surface;24,39;-5,8;83;Soil.Ux;-0,011
IC4_surface;24,39;-5,8;90;Soil.Ux;-0,011
IC4_surface;24,39;-5,8;97;Soil.Ux;-0,011
IC4_surface;24,39;-5,8;104;Soil.Ux;-0,013
IC4_surface;24,39;-5,8;111;Soil.Ux;-0,012
IC4_surface;24,39;-5,8;118;Soil.Ux;-0,013
IC4_surface;24,39;-5,8;125;Soil.Ux;-0,016
IC4_surface;24,39;-5,8;132;Soil.Ux;-0,015
IC4_surface;24,39;-5,8;138;Soil.Ux;-0,015
IC4_surface;24,39;-5,8;146;Soil.Ux;-0,010
IC4_surface;24,39;-5,8;153;Soil.Ux;-0,009
IC4_surface;24,39;-5,8;160;Soil.Ux;-0,012
IC4_surface;24,39;-5,8;0;Soil.Uy;0,000
IC4_surface;24,39;-5,8;20;Soil.Uy;0,020
IC4_surface;24,39;-5,8;27;Soil.Uy;0,029
IC4_surface;24,39;-5,8;34;Soil.Uy;0,032
IC4_surface;24,39;-5,8;41;Soil.Uy;0,049
IC4_surface;24,39;-5,8;48;Soil.Uy;0,072
IC4_surface;24,39;-5,8;55;Soil.Uy;0,085
IC4_surface;24,39;-5,8;62;Soil.Uy;0,092
IC4_surface;24,39;-5,8;69;Soil.Uy;0,095
IC4_surface;24,39;-5,8;76;Soil.Uy;0,099
IC4_surface;24,39;-5,8;83;Soil.Uy;0,102
IC4_surface;24,39;-5,8;90;Soil.Uy;0,112
IC4_surface;24,39;-5,8;97;Soil.Uy;0,113
IC4_surface;24,39;-5,8;104;Soil.Uy;0,113
IC4_surface;24,39;-5,8;111;Soil.Uy;0,122
IC4_surface;24,39;-5,8;118;Soil.Uy;0,141
IC4_surface;24,39;-5,8;125;Soil.Uy;0,163
IC4_surface;24,39;-5,8;132;Soil.Uy;0,172
IC4_surface;24,39;-5,8;138;Soil.Uy;0,176
IC4_surface;24,39;-5,8;146;Soil.Uy;0,175
IC4_surface;24,39;-5,8;153;Soil.Uy;0,177
IC4_surface;24,39;-5,8;160;Soil.Uy;0,183
IC4_-6,3;24,39;-6,3;0;Soil.Ux;0,000
IC4_-6,3;24,39;-6,3;20;Soil.Ux;-0,740
IC4_-6,3;24,39;-6,3;27;Soil.Ux;-1,060
IC4_-6,3;24,39;-6,3;34;Soil.Ux;-1,330
IC4_-6,3;24,39;-6,3;41;Soil.Ux;-0,040
IC4_-6,3;24,39;-6,3;48;Soil.Ux;-1,130
IC4_-6,3;24,39;-6,3;55;Soil.Ux;-1,480
IC4_-6,3;24,39;-6,3;62;Soil.Ux;0,140
IC4_-6,3;24,39;-6,3;69;Soil.Ux;1,100
IC4_-6,3;24,39;-6,3;76;Soil.Ux;1,520
IC4_-6,3;24,39;-6,3;83;Soil.Ux;1,980
IC4_-6,3;24,39;-6,3;90;Soil.Ux;2,460
IC4_-6,3;24,39;-6,3;97;Soil.Ux;2,580
IC4_-6,3;24,39;-6,3;104;Soil.Ux;1,570
IC4_-6,3;24,39;-6,3;111;Soil.Ux;1,800
IC4_-6,3;24,39;-6,3;118;Soil.Ux;2,450
IC4_-6,3;24,39;-6,3;125;Soil.Ux;2,560
IC4_-6,3;24,39;-6,3;132;Soil.Ux;3,650
IC4_-6,3;24,39;-6,3;138;Soil.Ux;3,340
IC4_-6,3;24,39;-6,3;146;Soil.Ux;3,570
IC4_-6,3;24,39;-6,3;153;Soil.Ux;3,640
IC4_-6,3;24,39;-6,3;160;Soil.Ux;3,700
IC4_-6,3;24,39;-6,3;167;Soil.Ux;3,830
IC4_-6,3;24,39;-6,3;174;Soil.Ux;4,070
IC4_-6,3;24,39;-6,3;0;Soil.Uy;0,000
IC4_-6,3;24,39;-6,3;20;Soil.Uy;7,890
IC4_-6,3;24,39;-6,3;27;Soil.Uy;14,060
IC4_-6,3;24,39;-6,3;34;Soil.Uy;20,780
IC4_-6,3;24,39;-6,3;41;Soil.Uy;26,380
IC4_-6,3;24,39;-6,3;48;Soil.Uy;36,230
IC4_-6,3;24,39;-6,3;55;Soil.Uy;36,840
IC4_-6,3;24,39;-6,3;62;Soil.Uy;40,270
IC4_-6,3;24,39;-6,3;69;Soil.Uy;41,960
IC4_-6,3;24,39;-6,3;76;Soil.Uy;41,800
IC4_-6,3;24,39;-6,3;83;Soil.Uy;41,570
IC4_-6,3;24,39;-6,3;90;Soil.Uy;41,690
IC4_-6,3;24,39;-6,3;97;Soil.Uy;42,470
IC4_-6,3;24,39;-6,3;104;Soil.Uy;43,870
IC4_-6,3;24,39;-6,3;111;Soil.Uy;44,150
IC4_-6,3;24,39;-6,3;118;Soil.Uy;47,470
IC4_-6,3;24,39;-6,3;125;Soil.Uy;51,060
IC4_-6,3;24,39;-6,3;132;Soil.Uy;50,560
IC4_-6,3;24,39;-6,3;138;Soil.Uy;51,570
IC4_-6,3;24,39;-6,3;146;Soil.Uy;51,720
IC4_-6,3;24,39;-6,3;153;Soil.Uy;52,110
IC4_-6,3;24,39;-6,3;160;Soil.Uy;52,010
IC4_-6,3;24,39;-6,3;167;Soil.Uy;52,400
IC4_-6,3;24,39;-6,3;174;Soil.Uy;51,970
IC4_-7,3;24,39;-7,3;0;Soil.Ux;0,000
IC4_-7,3;24,39;-7,3;20;Soil.Ux;0,060
IC4_-7,3;24,39;-7,3;27;Soil.Ux;-0,480
IC4_-7,3;24,39;-7,3;34;Soil.Ux;-1,090
IC4_-7,3;24,39;-7,3;41;Soil.Ux;-0,320
IC4_-7,3;24,39;-7,3;48;Soil.Ux;-0,530
IC4_-7,3;24,39;-7,3;55;Soil.Ux;-0,570
IC4_-7,3;24,39;-7,3;62;Soil.Ux;1,060
IC4_-7,3;24,39;-7,3;69;Soil.Ux;1,990
IC4_-7,3;24,39;-7,3;76;Soil.Ux;2,280
IC4_-7,3;24,39;-7,3;83;Soil.Ux;2,670
IC4_-7,3;24,39;-7,3;90;Soil.Ux;3,070
IC4_-7,3;24,39;-7,3;97;Soil.Ux;3,350
IC4_-7,3;24,39;-7,3;104;Soil.Ux;2,450
IC4_-7,3;24,39;-7,3;111;Soil.Ux;2,660
IC4_-7,3;24,39;-7,3;118;Soil.Ux;3,430
IC4_-7,3;24,39;-7,3;125;Soil.Ux;3,680
IC4_-7,3;24,39;-7,3;132;Soil.Ux;4,730
IC4_-7,3;24,39;-7,3;138;Soil.Ux;4,400
IC4_-7,3;24,39;-7,3;146;Soil.Ux;4,530
IC4_-7,3;24,39;-7,3;153;Soil.Ux;4,630
IC4_-7,3;24,39;-7,3;160;Soil.Ux;4,740
IC4_-7,3;24,39;-7,3;167;Soil.Ux;4,880
IC4_-7,3;24,39;-7,3;174;Soil.Ux;5,070
IC4_-7,3;24,39;-7,3;0;Soil.Uy;0,000
IC4_-7,3;24,39;-7,3;20;Soil.Uy;9,860
IC4_-7,3;24,39;-7,3;27;Soil.Uy;15,830
IC4_-7,3;24,39;-7,3;34;Soil.Uy;23,040
IC4_-7,3;24,39;-7,3;41;Soil.Uy;29,130
IC4_-7,3;24,39;-7,3;48;Soil.Uy;39,250
IC4_-7,3;24,39;-7,3;55;Soil.Uy;42,790
IC4_-7,3;24,39;-7,3;62;Soil.Uy;48,270
IC4_-7,3;24,39;-7,3;69;Soil.Uy;52,290
IC4_-7,3;24,39;-7,3;76;Soil.Uy;53,660
IC4_-7,3;24,39;-7,3;83;Soil.Uy;54,710
IC4_-7,3;24,39;-7,3;90;Soil.Uy;56,100
IC4_-7,3;24,39;-7,3;97;Soil.Uy;57,660
IC4_-7,3;24,39;-7,3;104;Soil.Uy;60,400
IC4_-7,3;24,39;-7,3;111;Soil.Uy;61,700
IC4_-7,3;24,39;-7,3;118;Soil.Uy;67,040
IC4_-7,3;24,39;-7,3;125;Soil.Uy;71,980
IC4_-7,3;24,39;-7,3;132;Soil.Uy;73,000
IC4_-7,3;24,39;-7,3;138;Soil.Uy;75,090
IC4_-7,3;24,39;-7,3;146;Soil.Uy;76,610
IC4_-7,3;24,39;-7,3;153;Soil.Uy;78,050
IC4_-7,3;24,39;-7,3;160;Soil.Uy;78,980
IC4_-7,3;24,39;-7,3;167;Soil.Uy;80,180
IC4_-7,3;24,39;-7,3;174;Soil.Uy;80,910
IC4_-8,3;24,39;-8,3;0;Soil.Ux;0,000
IC4_-8,3;24,39;-8,3;20;Soil.Ux;0,220
IC4_-8.3;24,39;-8,3;27;Soil.Ux;-0,110
IC4_-8,3;24,39;-8,3;34;Soil.Ux;-0,480
IC4_-8.3;24,39;-8,3;41;Soil.Ux;0,130
IC4_-8,3;24,39;-8,3;48;Soil.Ux;-0,010
IC4_-8.3;24,39;-8,3;55;Soil.Ux;-0,190
IC4_-8,3;24,39;-8,3;62;Soil.Ux;0,980
IC4_-8.3;24,39;-8,3;69;Soil.Ux;1,600
IC4_-8,3;24,39;-8,3;76;Soil.Ux;1,730
IC4_-8.3;24,39;-8,3;83;Soil.Ux;1,930
IC4_-8,3;24,39;-8,3;90;Soil.Ux;2,270
IC4_-8.3;24,39;-8,3;97;Soil.Ux;2,470
IC4_-8,3;24,39;-8,3;104;Soil.Ux;1,630
IC4_-8.3;24,39;-8,3;111;Soil.Ux;1,810
IC4_-8,3;24,39;-8,3;118;Soil.Ux;2,350
IC4_-8.3;24,39;-8,3;125;Soil.Ux;2,530
IC4_-8,3;24,39;-8,3;132;Soil.Ux;3,400
IC4_-8.3;24,39;-8,3;138;Soil.Ux;2,940
IC4_-8,3;24,39;-8,3;146;Soil.Ux;3,010
IC4_-8.3;24,39;-8,3;153;Soil.Ux;3,080
IC4_-8,3;24,39;-8,3;160;Soil.Ux;3,150
IC4_-8.3;24,39;-8,3;167;Soil.Ux;3,220
IC4_-8,3;24,39;-8,3;174;Soil.Ux;3,360
IC4_-8.3;24,39;-8,3;0;Soil.Uy;0,000
IC4_-8,3;24,39;-8,3;20;Soil.Uy;8,420
IC4_-8.3;24,39;-8,3;27;Soil.Uy;12,660
IC4_-8,3;24,39;-8,3;34;Soil.Uy;17,740
IC4_-8.3;24,39;-8,3;41;Soil.Uy;22,410
IC4_-8,3;24,39;-8,3;48;Soil.Uy;30,070
IC4_-8.3;24,39;-8,3;55;Soil.Uy;32,600
IC4_-8,3;24,39;-8,3;62;Soil.Uy;37,270
IC4_-8.3;24,39;-8,3;69;Soil.Uy;40,750
IC4_-8,3;24,39;-8,3;76;Soil.Uy;41,960
IC4_-8.3;24,39;-8,3;83;Soil.Uy;42,890
IC4_-8,3;24,39;-8,3;90;Soil.Uy;44,460
IC4_-8.3;24,39;-8,3;97;Soil.Uy;46,010
IC4_-8,3;24,39;-8,3;104;Soil.Uy;48,710
IC4_-8.3;24,39;-8,3;111;Soil.Uy;50,060
IC4_-8,3;24,39;-8,3;118;Soil.Uy;54,990
IC4_-8.3;24,39;-8,3;125;Soil.Uy;60,200
IC4_-8,3;24,39;-8,3;132;Soil.Uy;61,870
IC4_-8.3;24,39;-8,3;138;Soil.Uy;64,120
IC4_-8,3;24,39;-8,3;146;Soil.Uy;65,940
IC4_-8.3;24,39;-8,3;153;Soil.Uy;67,730
IC4_-8,3;24,39;-8,3;160;Soil.Uy;69,160
IC4_-8.3;24,39;-8,3;167;Soil.Uy;70,600
IC4_-8,3;24,39;-8,3;174;Soil.Uy;71,760
IC4_-9,3;24,39;-9,3;0;Soil.Ux;0,000
IC4_-9,3;24,39;-9,3;20;Soil.Ux;0,170
IC4_-9,3;24,39;-9,3;27;Soil.Ux;-0,100
IC4_-9,3;24,39;-9,3;34;Soil.Ux;-0,270
IC4_-9,3;24,39;-9,3;41;Soil.Ux;0,210
IC4_-9,3;24,39;-9,3;48;Soil.Ux;0,170
IC4_-9,3;24,39;-9,3;55;Soil.Ux;0,060
IC4_-9,3;24,39;-9,3;62;Soil.Ux;0,820
IC4_-9,3;24,39;-9,3;69;Soil.Ux;1,210
IC4_-9,3;24,39;-9,3;76;Soil.Ux;1,250
IC4_-9,3;24,39;-9,3;83;Soil.Ux;1,360
IC4_-9,3;24,39;-9,3;90;Soil.Ux;1,610
IC4_-9,3;24,39;-9,3;97;Soil.Ux;1,750
IC4_-9,3;24,39;-9,3;104;Soil.Ux;1,090
IC4_-9,3;24,39;-9,3;111;Soil.Ux;1,170
IC4_-9,3;24,39;-9,3;118;Soil.Ux;1,470
IC4_-9,3;24,39;-9,3;125;Soil.Ux;1,440
IC4_-9,3;24,39;-9,3;132;Soil.Ux;1,560
IC4_-9,3;24,39;-9,3;138;Soil.Ux;1,640
IC4_-9,3;24,39;-9,3;146;Soil.Ux;1,620
IC4_-9,3;24,39;-9,3;153;Soil.Ux;1,690
IC4_-9,3;24,39;-9,3;160;Soil.Ux;1,710
IC4_-9,3;24,39;-9,3;167;Soil.Ux;1,700
IC4_-9,3;24,39;-9,3;174;Soil.Ux;1,830
IC4_-9,3;24,39;-9,3;0;Soil.Uy;0,000
IC4_-9,3;24,39;-9,3;20;Soil.Uy;7,280
IC4_-9,3;24,39;-9,3;27;Soil.Uy;9,920
IC4_-9,3;24,39;-9,3;34;Soil.Uy;13,000
IC4_-9,3;24,39;-9,3;41;Soil.Uy;15,550
IC4_-9,3;24,39;-9,3;48;Soil.Uy;19,620
IC4_-9,3;24,39;-9,3;55;Soil.Uy;19,680
IC4_-9,3;24,39;-9,3;62;Soil.Uy;21,560
IC4_-9,3;24,39;-9,3;69;Soil.Uy;22,730
IC4_-9,3;24,39;-9,3;76;Soil.Uy;22,730
IC4_-9,3;24,39;-9,3;83;Soil.Uy;22,850
IC4_-9,3;24,39;-9,3;90;Soil.Uy;23,600
IC4_-9,3;24,39;-9,3;97;Soil.Uy;24,280
IC4_-9,3;24,39;-9,3;104;Soil.Uy;25,590
IC4_-9,3;24,39;-9,3;111;Soil.Uy;26,120
IC4_-9,3;24,39;-9,3;118;Soil.Uy;28,840
IC4_-9,3;24,39;-9,3;125;Soil.Uy;31,720
IC4_-9,3;24,39;-9,3;132;Soil.Uy;32,400
IC4_-9,3;24,39;-9,3;138;Soil.Uy;33,420
IC4_-9,3;24,39;-9,3;146;Soil.Uy;34,260
IC4_-9,3;24,39;-9,3;153;Soil.Uy;35,070
IC4_-9,3;24,39;-9,3;160;Soil.Uy;35,860
IC4_-9,3;24,39;-9,3;167;Soil.Uy;36,700
IC4_-9,3;24,39;-9,3;174;Soil.Uy;37,350
IC4_-10,3;24,39;-10,3;0;Soil.Ux;0,000
IC4_-10,3;24,39;-10,3;20;Soil.Ux;0,380
IC4_-10,3;24,39;-10,3;27;Soil.Ux;0,250
IC4_-10,3;24,39;-10,3;34;Soil.Ux;0,240
IC4_-10,3;24,39;-10,3;41;Soil.Ux;0,600
IC4_-10,3;24,39;-10,3;48;Soil.Ux;0,720
IC4_-10,3;24,39;-10,3;55;Soil.Ux;0,660
IC4_-10,3;24,39;-10,3;62;Soil.Ux;1,220
IC4_-10,3;24,39;-10,3;69;Soil.Ux;1,480
IC4_-10,3;24,39;-10,3;76;Soil.Ux;1,510
IC4_-10,3;24,39;-10,3;83;Soil.Ux;1,640
IC4_-10,3;24,39;-10,3;90;Soil.Ux;1,830
IC4_-10,3;24,39;-10,3;97;Soil.Ux;1,930
IC4_-10,3;24,39;-10,3;104;Soil.Ux;1,520
IC4_-10,3;24,39;-10,3;111;Soil.Ux;1,590
IC4_-10,3;24,39;-10,3;118;Soil.Ux;1,800
IC4_-10,3;24,39;-10,3;125;Soil.Ux;1,940
IC4_-10,3;24,39;-10,3;132;Soil.Ux;2,010
IC4_-10,3;24,39;-10,3;138;Soil.Ux;2,110
IC4_-10,3;24,39;-10,3;146;Soil.Ux;2,100
IC4_-10,3;24,39;-10,3;153;Soil.Ux;2,210
IC4_-10,3;24,39;-10,3;160;Soil.Ux;2,240
IC4_-10,3;24,39;-10,3;167;Soil.Ux;2,250
IC4_-10,3;24,39;-10,3;174;Soil.Ux;2,380
IC4_-10,3;24,39;-10,3;0;Soil.Uy;0,000
IC4_-10,3;24,39;-10,3;20;Soil.Uy;5,210
IC4_-10,3;24,39;-10,3;27;Soil.Uy;6,840
IC4_-10,3;24,39;-10,3;34;Soil.Uy;8,760
IC4_-10,3;24,39;-10,3;41;Soil.Uy;10,160
IC4_-10,3;24,39;-10,3;48;Soil.Uy;12,240
IC4_-10,3;24,39;-10,3;55;Soil.Uy;11,810
IC4_-10,3;24,39;-10,3;62;Soil.Uy;12,330
IC4_-10,3;24,39;-10,3;69;Soil.Uy;12,450
IC4_-10,3;24,39;-10,3;76;Soil.Uy;12,260
IC4_-10,3;24,39;-10,3;83;Soil.Uy;12,140
IC4_-10,3;24,39;-10,3;90;Soil.Uy;12,530
IC4_-10,3;24,39;-10,3;97;Soil.Uy;12,630
IC4_-10,3;24,39;-10,3;104;Soil.Uy;13,060
IC4_-10,3;24,39;-10,3;111;Soil.Uy;13,020
IC4_-10,3;24,39;-10,3;118;Soil.Uy;14,090
IC4_-10,3;24,39;-10,3;125;Soil.Uy;14,830
IC4_-10,3;24,39;-10,3;132;Soil.Uy;14,740
IC4_-10,3;24,39;-10,3;138;Soil.Uy;14,980
IC4_-10,3;24,39;-10,3;146;Soil.Uy;14,960
IC4_-10,3;24,39;-10,3;153;Soil.Uy;15,000
IC4_-10,3;24,39;-10,3;160;Soil.Uy;15,080
IC4_-10,3;24,39;-10,3;167;Soil.Uy;15,150
IC4_-10,3;24,39;-10,3;174;Soil.Uy;15,120
IC4_-11,3;24,39;-11,3;0;Soil.Ux;0,000
IC4_-11,3;24,39;-11,3;20;Soil.Ux;0,390
IC4_-11,3;24,39;-11,3;27;Soil.Ux;0,390
IC4_-11,3;24,39;-11,3;34;Soil.Ux;0,470
IC4_-11,3;24,39;-11,3;41;Soil.Ux;0,720
IC4_-11,3;24,39;-11,3;48;Soil.Ux;0,890
IC4_-11,3;24,39;-11,3;55;Soil.Ux;0,920
IC4_-11,3;24,39;-11,3;62;Soil.Ux;1,180
IC4_-11,3;24,39;-11,3;69;Soil.Ux;1,330
IC4_-11,3;24,39;-11,3;76;Soil.Ux;1,380
IC4_-11,3;24,39;-11,3;83;Soil.Ux;1,440
IC4_-11,3;24,39;-11,3;90;Soil.Ux;1,540
IC4_-11,3;24,39;-11,3;97;Soil.Ux;1,580
IC4_-11,3;24,39;-11,3;104;Soil.Ux;1,500
IC4_-11,3;24,39;-11,3;111;Soil.Ux;1,530
IC4_-11,3;24,39;-11,3;118;Soil.Ux;1,750
IC4_-11,3;24,39;-11,3;125;Soil.Ux;2,030
IC4_-11,3;24,39;-11,3;132;Soil.Ux;2,070
IC4_-11,3;24,39;-11,3;138;Soil.Ux;2,110
IC4_-11,3;24,39;-11,3;146;Soil.Ux;2,140
IC4_-11,3;24,39;-11,3;153;Soil.Ux;2,220
IC4_-11,3;24,39;-11,3;160;Soil.Ux;2,220
IC4_-11,3;24,39;-11,3;167;Soil.Ux;2,270
IC4_-11,3;24,39;-11,3;174;Soil.Ux;2,290
IC4_-11,3;24,39;-11,3;0;Soil.Uy;0,000
IC4_-11,3;24,39;-11,3;20;Soil.Uy;2,280
IC4_-11,3;24,39;-11,3;27;Soil.Uy;2,980
IC4_-11,3;24,39;-11,3;34;Soil.Uy;4,060
IC4_-11,3;24,39;-11,3;41;Soil.Uy;4,860
IC4_-11,3;24,39;-11,3;48;Soil.Uy;6,050
IC4_-11,3;24,39;-11,3;55;Soil.Uy;6,120
IC4_-11,3;24,39;-11,3;62;Soil.Uy;6,490
IC4_-11,3;24,39;-11,3;69;Soil.Uy;6,690
IC4_-11,3;24,39;-11,3;76;Soil.Uy;6,750
IC4_-11,3;24,39;-11,3;83;Soil.Uy;6,800
IC4_-11,3;24,39;-11,3;90;Soil.Uy;7,250
IC4_-11,3;24,39;-11,3;97;Soil.Uy;7,090
IC4_-11,3;24,39;-11,3;104;Soil.Uy;7,400
IC4_-11,3;24,39;-11,3;111;Soil.Uy;7,470
IC4_-11,3;24,39;-11,3;118;Soil.Uy;8,160
IC4_-11,3;24,39;-11,3;125;Soil.Uy;8,760
IC4_-11,3;24,39;-11,3;132;Soil.Uy;8,860
IC4_-11,3;24,39;-11,3;138;Soil.Uy;9,000
IC4_-11,3;24,39;-11,3;146;Soil.Uy;9,110
IC4_-11,3;24,39;-11,3;153;Soil.Uy;9,180
IC4_-11,3;24,39;-11,3;160;Soil.Uy;9,330
IC4_-11,3;24,39;-11,3;167;Soil.Uy;9,400
IC4_-11,3;24,39;-11,3;174;Soil.Uy;9,440
IC_-11,8;24,39;-11,8;0;Soil.Ux;0,000
IC_-11,8;24,39;-11,8;20;Soil.Ux;0,000
IC_-11,8;24,39;-11,8;27;Soil.Ux;0,000
IC_-11,8;24,39;-11,8;34;Soil.Ux;0,000
IC_-11,8;24,39;-11,8;41;Soil.Ux;0,000
IC_-11,8;24,39;-11,8;48;Soil.Ux;0,000
IC_-11,8;24,39;-11,8;55;Soil.Ux;0,000
IC_-11,8;24,39;-11,8;62;Soil.Ux;0,000
IC_-11,8;24,39;-11,8;69;Soil.Ux;0,000
IC_-11,8;24,39;-11,8;76;Soil.Ux;0,000
IC_-11,8;24,39;-11,8;83;Soil.Ux;0,000
IC_-11,8;24,39;-11,8;90;Soil.Ux;0,000
IC_-11,8;24,39;-11,8;97;Soil.Ux;0,000
IC_-11,8;24,39;-11,8;104;Soil.Ux;0,000
IC_-11,8;24,39;-11,8;111;Soil.Ux;0,000
IC_-11,8;24,39;-11,8;118;Soil.Ux;0,000
IC_-11,8;24,39;-11,8;125;Soil.Ux;0,000
IC_-11,8;24,39;-11,8;132;Soil.Ux;0,000
IC_-11,8;24,39;-11,8;138;Soil.Ux;0,000
IC_-11,8;24,39;-11,8;146;Soil.Ux;0,000
IC_-11,8;24,39;-11,8;153;Soil.Ux;0,000
IC_-11,8;24,39;-11,8;160;Soil.Ux;0,000
IC_-11,8;24,39;-11,8;167;Soil.Ux;0,000
IC_-11,8;24,39;-11,8;174;Soil.Ux;0,000
IC_-11,8;24,39;-11,8;0;Soil.Uy;0,000
IC_-11,8;24,39;-11,8;20;Soil.Uy;0,000
IC_-11,8;24,39;-11,8;27;Soil.Uy;0,000
IC_-11,8;24,39;-11,8;34;Soil.Uy;0,000
IC_-11,8;24,39;-11,8;41;Soil.Uy;0,000
IC_-11,8;24,39;-11,8;48;Soil.Uy;0,000
IC_-11,8;24,39;-11,8;55;Soil.Uy;0,000
IC_-11,8;24,39;-11,8;62;Soil.Uy;0,000
IC_-11,8;24,39;-11,8;69;Soil.Uy;0,000
IC_-11,8;24,39;-11,8;76;Soil.Uy;0,000
IC_-11,8;24,39;-11,8;83;Soil.Uy;0,000
IC_-11,8;24,39;-11,8;90;Soil.Uy;0,000
IC_-11,8;24,39;-11,8;97;Soil.Uy;0,000
IC_-11,8;24,39;-11,8;104;Soil.Uy;0,000
IC_-11,8;24,39;-11,8;111;Soil.Uy;0,000
IC_-11,8;24,39;-11,8;118;Soil.Uy;0,000
IC_-11,8;24,39;-11,8;125;Soil.Uy;0,000
IC_-11,8;24,39;-11,8;132;Soil.Uy;0,000
IC_-11,8;24,39;-11,8;138;Soil.Uy;0,000
IC_-11,8;24,39;-11,8;146;Soil.Uy;0,000
IC_-11,8;24,39;-11,8;153;Soil.Uy;0,000
IC_-11,8;24,39;-11,8;160;Soil.Uy;0,000
IC_-11,8;24,39;-11,8;167;Soil.Uy;0,000
IC_-11,8;24,39;-11,8;174;Soil.Uy;0,000
IC3_surface;;-5,8;0;Soil.Ux;0,000
IC3_surface;;-5,8;20;Soil.Ux;-0,007
IC3_surface;;-5,8;27;Soil.Ux;-0,002
IC3_surface;;-5,8;34;Soil.Ux;-0,003
IC3_surface;;-5,8;41;Soil.Ux;0,004
IC3_surface;;-5,8;48;Soil.Ux;0,010
IC3_surface;;-5,8;55;Soil.Ux;0,005
IC3_surface;;-5,8;62;Soil.Ux;-0,001
IC3_surface;;-5,8;69;Soil.Ux;-0,002
IC3_surface;;-5,8;76;Soil.Ux;-0,003
IC3_surface;;-5,8;83;Soil.Ux;-0,004
IC3_surface;;-5,8;90;Soil.Ux;0,001
IC3_surface;;-5,8;97;Soil.Ux;0,001
IC3_surface;;-5,8;104;Soil.Ux;-0,001
IC3_surface;;-5,8;111;Soil.Ux;0,002
IC3_surface;;-5,8;118;Soil.Ux;0,003
IC3_surface;;-5,8;125;Soil.Ux;0,001
IC3_surface;;-5,8;132;Soil.Ux;0,001
IC3_surface;;-5,8;138;Soil.Ux;0,000
IC3_surface;;-5,8;146;Soil.Ux;0,005
IC3_surface;;-5,8;153;Soil.Ux;0,006
IC3_surface;;-5,8;160;Soil.Ux;0,003
IC3_surface;;-5,8;0;Soil.Uy;0,000
IC3_surface;;-5,8;20;Soil.Uy;0,016
IC3_surface;;-5,8;27;Soil.Uy;0,017
IC3_surface;;-5,8;34;Soil.Uy;0,021
IC3_surface;;-5,8;41;Soil.Uy;0,023
IC3_surface;;-5,8;48;Soil.Uy;0,036
IC3_surface;;-5,8;55;Soil.Uy;0,046
IC3_surface;;-5,8;62;Soil.Uy;0,049
IC3_surface;;-5,8;69;Soil.Uy;0,054
IC3_surface;;-5,8;76;Soil.Uy;0,059
IC3_surface;;-5,8;83;Soil.Uy;0,063
IC3_surface;;-5,8;90;Soil.Uy;0,065
IC3_surface;;-5,8;97;Soil.Uy;0,063
IC3_surface;;-5,8;104;Soil.Uy;0,061
IC3_surface;;-5,8;111;Soil.Uy;0,067
IC3_surface;;-5,8;118;Soil.Uy;0,078
IC3_surface;;-5,8;125;Soil.Uy;0,090
IC3_surface;;-5,8;132;Soil.Uy;0,100
IC3_surface;;-5,8;138;Soil.Uy;0,104
IC3_surface;;-5,8;146;Soil.Uy;0,101
IC3_surface;;-5,8;153;Soil.Uy;0,103
IC3_surface;;-5,8;160;Soil.Uy;0,109
IC3_-6,3;29,36;-6,3;0;Soil.Ux;0,000
IC3_-6,3;29,36;-6,3;20;Soil.Ux;0,570
IC3_-6,3;29,36;-6,3;27;Soil.Ux;
IC3_-6,3;29,36;-6,3;34;Soil.Ux;-0,320
IC3_-6,3;29,36;-6,3;41;Soil.Ux;-0,490
IC3_-6,3;29,36;-6,3;48;Soil.Ux;-1,880
IC3_-6,3;29,36;-6,3;55;Soil.Ux;-2,190
IC3_-6,3;29,36;-6,3;62;Soil.Ux;-2,190
IC3_-6,3;29,36;-6,3;69;Soil.Ux;-1,160
IC3_-6,3;29,36;-6,3;76;Soil.Ux;-0,850
IC3_-6,3;29,36;-6,3;83;Soil.Ux;-0,950
IC3_-6,3;29,36;-6,3;90;Soil.Ux;-0,830
IC3_-6,3;29,36;-6,3;97;Soil.Ux;-0,630
IC3_-6,3;29,36;-6,3;104;Soil.Ux;-1,360
IC3_-6,3;29,36;-6,3;111;Soil.Ux;-1,460
IC3_-6,3;29,36;-6,3;118;Soil.Ux;-1,610
IC3_-6,3;29,36;-6,3;125;Soil.Ux;-2,030
IC3_-6,3;29,36;-6,3;132;Soil.Ux;-2,230
IC3_-6,3;29,36;-6,3;138;Soil.Ux;-2,240
IC3_-6,3;29,36;-6,3;146;Soil.Ux;-2,120
IC3_-6,3;29,36;-6,3;153;Soil.Ux;-1,760
IC3_-6,3;29,36;-6,3;160;Soil.Ux;-1,900
IC3_-6,3;29,36;-6,3;167;Soil.Ux;-1,920
IC3_-6,3;29,36;-6,3;174;Soil.Ux;-2,040
IC3_-6,3;29,36;-6,3;0;Soil.Uy;0,000
IC3_-6,3;29,36;-6,3;20;Soil.Uy;4,000
IC3_-6,3;29,36;-6,3;27;Soil.Uy;
IC3_-6,3;29,36;-6,3;34;Soil.Uy;8,850
IC3_-6,3;29,36;-6,3;41;Soil.Uy;12,460
IC3_-6,3;29,36;-6,3;48;Soil.Uy;19,230
IC3_-6,3;29,36;-6,3;55;Soil.Uy;20,760
IC3_-6,3;29,36;-6,3;62;Soil.Uy;22,750
IC3_-6,3;29,36;-6,3;69;Soil.Uy;24,830
IC3_-6,3;29,36;-6,3;76;Soil.Uy;25,110
IC3_-6,3;29,36;-6,3;83;Soil.Uy;25,370
IC3_-6,3;29,36;-6,3;90;Soil.Uy;25,300
IC3_-6,3;29,36;-6,3;97;Soil.Uy;26,450
IC3_-6,3;29,36;-6,3;104;Soil.Uy;27,850
IC3_-6,3;29,36;-6,3;111;Soil.Uy;28,260
IC3_-6,3;29,36;-6,3;118;Soil.Uy;32,690
IC3_-6,3;29,36;-6,3;125;Soil.Uy;39,530
IC3_-6,3;29,36;-6,3;132;Soil.Uy;40,650
IC3_-6,3;29,36;-6,3;138;Soil.Uy;41,290
IC3_-6,3;29,36;-6,3;146;Soil.Uy;41,650
IC3_-6,3;29,36;-6,3;153;Soil.Uy;41,890
IC3_-6,3;29,36;-6,3;160;Soil.Uy;42,580
IC3_-6,3;29,36;-6,3;167;Soil.Uy;42,810
IC3_-6,3;29,36;-6,3;174;Soil.Uy;42,940
IC3_-7,3;29,36;-7,3;0;Soil.Ux;0,000
IC3_-7,3;29,36;-7,3;20;Soil.Ux;0,710
IC3_-7,3;29,36;-7,3;27;Soil.Ux;
IC3_-7,3;29,36;-7,3;34;Soil.Ux;0,490
IC3_-7,3;29,36;-7,3;41;Soil.Ux;0,940
IC3_-7,3;29,36;-7,3;48;Soil.Ux;0,570
IC3_-7,3;29,36;-7,3;55;Soil.Ux;-0,280
IC3_-7,3;29,36;-7,3;62;Soil.Ux;-0,160
IC3_-7,3;29,36;-7,3;69;Soil.Ux;0,580
IC3_-7,3;29,36;-7,3;76;Soil.Ux;0,910
IC3_-7,3;29,36;-7,3;83;Soil.Ux;0,790
IC3_-7,3;29,36;-7,3;90;Soil.Ux;0,970
IC3_-7,3;29,36;-7,3;97;Soil.Ux;1,210
IC3_-7,3;29,36;-7,3;104;Soil.Ux;0,540
IC3_-7,3;29,36;-7,3;111;Soil.Ux;0,470
IC3_-7,3;29,36;-7,3;118;Soil.Ux;0,400
IC3_-7,3;29,36;-7,3;125;Soil.Ux;0,170
IC3_-7,3;29,36;-7,3;132;Soil.Ux;0,010
IC3_-7,3;29,36;-7,3;138;Soil.Ux;0,110
IC3_-7,3;29,36;-7,3;146;Soil.Ux;0,180
IC3_-7,3;29,36;-7,3;153;Soil.Ux;0,570
IC3_-7,3;29,36;-7,3;160;Soil.Ux;0,400
IC3_-7,3;29,36;-7,3;167;Soil.Ux;0,380
IC3_-7,3;29,36;-7,3;174;Soil.Ux;0,260
IC3_-7,3;29,36;-7,3;0;Soil.Uy;0,000
IC3_-7,3;29,36;-7,3;20;Soil.Uy;4,130
IC3_-7,3;29,36;-7,3;27;Soil.Uy;
IC3_-7,3;29,36;-7,3;34;Soil.Uy;8,800
IC3_-7,3;29,36;-7,3;41;Soil.Uy;11,980
IC3_-7,3;29,36;-7,3;48;Soil.Uy;17,780
IC3_-7,3;29,36;-7,3;55;Soil.Uy;18,690
IC3_-7,3;29,36;-7,3;62;Soil.Uy;20,700
IC3_-7,3;29,36;-7,3;69;Soil.Uy;22,000
IC3_-7,3;29,36;-7,3;76;Soil.Uy;21,960
IC3_-7,3;29,36;-7,3;83;Soil.Uy;22,050
IC3_-7,3;29,36;-7,3;90;Soil.Uy;21,860
IC3_-7,3;29,36;-7,3;97;Soil.Uy;22,690
IC3_-7,3;29,36;-7,3;104;Soil.Uy;23,970
IC3_-7,3;29,36;-7,3;111;Soil.Uy;24,290
IC3_-7,3;29,36;-7,3;118;Soil.Uy;27,690
IC3_-7,3;29,36;-7,3;125;Soil.Uy;33,030
IC3_-7,3;29,36;-7,3;132;Soil.Uy;33,930
IC3_-7,3;29,36;-7,3;138;Soil.Uy;34,470
IC3_-7,3;29,36;-7,3;146;Soil.Uy;34,700
IC3_-7,3;29,36;-7,3;153;Soil.Uy;34,880
IC3_-7,3;29,36;-7,3;160;Soil.Uy;35,520
IC3_-7,3;29,36;-7,3;167;Soil.Uy;35,690
IC3_-7,3;29,36;-7,3;174;Soil.Uy;35,830
IC3_-8,3;29,36;-8,3;0;Soil.Ux;0,000
IC3_-8,3;29,36;-8,3;20;Soil.Ux;0,500
IC3_-8,3;29,36;-8,3;27;Soil.Ux;
IC3_-8,3;29,36;-8,3;34;Soil.Ux;0,400
IC3_-8,3;29,36;-8,3;41;Soil.Ux;0,810
IC3_-8,3;29,36;-8,3;48;Soil.Ux;0,440
IC3_-8,3;29,36;-8,3;55;Soil.Ux;-0,230
IC3_-8,3;29,36;-8,3;62;Soil.Ux;-0,020
IC3_-8,3;29,36;-8,3;69;Soil.Ux;0,550
IC3_-8,3;29,36;-8,3;76;Soil.Ux;0,800
IC3_-8,3;29,36;-8,3;83;Soil.Ux;0,710
IC3_-8,3;29,36;-8,3;90;Soil.Ux;0,880
IC3_-8,3;29,36;-8,3;97;Soil.Ux;1,060
IC3_-8,3;29,36;-8,3;104;Soil.Ux;0,460
IC3_-8,3;29,36;-8,3;111;Soil.Ux;0,400
IC3_-8,3;29,36;-8,3;118;Soil.Ux;0,360
IC3_-8,3;29,36;-8,3;125;Soil.Ux;0,220
IC3_-8,3;29,36;-8,3;132;Soil.Ux;0,070
IC3_-8,3;29,36;-8,3;138;Soil.Ux;0,200
IC3_-8,3;29,36;-8,3;146;Soil.Ux;0,260
IC3_-8,3;29,36;-8,3;153;Soil.Ux;0,450
IC3_-8,3;29,36;-8,3;160;Soil.Ux;0,430
IC3_-8,3;29,36;-8,3;167;Soil.Ux;0,390
IC3_-8,3;29,36;-8,3;174;Soil.Ux;0,210
IC3_-8,3;29,36;-8,3;0;Soil.Uy;0,000
IC3_-8,3;29,36;-8,3;20;Soil.Uy;3,980
IC3_-8,3;29,36;-8,3;27;Soil.Uy;
IC3_-8,3;29,36;-8,3;34;Soil.Uy;8,250
IC3_-8,3;29,36;-8,3;41;Soil.Uy;11,120
IC3_-8,3;29,36;-8,3;48;Soil.Uy;16,180
IC3_-8,3;29,36;-8,3;55;Soil.Uy;17,000
IC3_-8,3;29,36;-8,3;62;Soil.Uy;18,730
IC3_-8,3;29,36;-8,3;69;Soil.Uy;19,840
IC3_-8,3;29,36;-8,3;76;Soil.Uy;19,770
IC3_-8,3;29,36;-8,3;83;Soil.Uy;19,800
IC3_-8,3;29,36;-8,3;90;Soil.Uy;19,660
IC3_-8,3;29,36;-8,3;97;Soil.Uy;20,360
IC3_-8,3;29,36;-8,3;104;Soil.Uy;21,480
IC3_-8,3;29,36;-8,3;111;Soil.Uy;21,770
IC3_-8,3;29,36;-8,3;118;Soil.Uy;24,620
IC3_-8,3;29,36;-8,3;125;Soil.Uy;29,270
IC3_-8,3;29,36;-8,3;132;Soil.Uy;30,090
IC3_-8,3;29,36;-8,3;138;Soil.Uy;30,600
IC3_-8,3;29,36;-8,3;146;Soil.Uy;30,780
IC3_-8,3;29,36;-8,3;153;Soil.Uy;30,840
IC3_-8,3;29,36;-8,3;160;Soil.Uy;31,500
IC3_-8,3;29,36;-8,3;167;Soil.Uy;31,670
IC3_-8,3;29,36;-8,3;174;Soil.Uy;31,800
IC3_-9,3;29,36;-9,3;0;Soil.Ux;0,000
IC3_-9,3;29,36;-9,3;20;Soil.Ux;0,120
IC3_-9,3;29,36;-9,3;27;Soil.Ux;
IC3_-9,3;29,36;-9,3;34;Soil.Ux;-0,050
IC3_-9,3;29,36;-9,3;41;Soil.Ux;0,240
IC3_-9,3;29,36;-9,3;48;Soil.Ux;0,060
IC3_-9,3;29,36;-9,3;55;Soil.Ux;-0,400
IC3_-9,3;29,36;-9,3;62;Soil.Ux;-0,170
IC3_-9,3;29,36;-9,3;69;Soil.Ux;0,360
IC3_-9,3;29,36;-9,3;76;Soil.Ux;0,500
IC3_-9,3;29,36;-9,3;83;Soil.Ux;0,380
IC3_-9,3;29,36;-9,3;90;Soil.Ux;0,550
IC3_-9,3;29,36;-9,3;97;Soil.Ux;0,690
IC3_-9,3;29,36;-9,3;104;Soil.Ux;0,170
IC3_-9,3;29,36;-9,3;111;Soil.Ux;0,120
IC3_-9,3;29,36;-9,3;118;Soil.Ux;0,120
IC3_-9,3;29,36;-9,3;125;Soil.Ux;0,080
IC3_-9,3;29,36;-9,3;132;Soil.Ux;-0,020
IC3_-9,3;29,36;-9,3;138;Soil.Ux;0,100
IC3_-9,3;29,36;-9,3;146;Soil.Ux;0,110
IC3_-9,3;29,36;-9,3;153;Soil.Ux;0,310
IC3_-9,3;29,36;-9,3;160;Soil.Ux;0,310
IC3_-9,3;29,36;-9,3;167;Soil.Ux;0,230
IC3_-9,3;29,36;-9,3;174;Soil.Ux;0,060
IC3_-9,3;29,36;-9,3;0;Soil.Uy;0,000
IC3_-9,3;29,36;-9,3;20;Soil.Uy;3,450
IC3_-9,3;29,36;-9,3;27;Soil.Uy;
IC3_-9,3;29,36;-9,3;34;Soil.Uy;6,850
IC3_-9,3;29,36;-9,3;41;Soil.Uy;9,010
IC3_-9,3;29,36;-9,3;48;Soil.Uy;12,690
IC3_-9,3;29,36;-9,3;55;Soil.Uy;13,340
IC3_-9,3;29,36;-9,3;62;Soil.Uy;14,690
IC3_-9,3;29,36;-9,3;69;Soil.Uy;15,350
IC3_-9,3;29,36;-9,3;76;Soil.Uy;15,270
IC3_-9,3;29,36;-9,3;83;Soil.Uy;15,230
IC3_-9,3;29,36;-9,3;90;Soil.Uy;15,130
IC3_-9,3;29,36;-9,3;97;Soil.Uy;15,660
IC3_-9,3;29,36;-9,3;104;Soil.Uy;16,500
IC3_-9,3;29,36;-9,3;111;Soil.Uy;16,820
IC3_-9,3;29,36;-9,3;118;Soil.Uy;18,820
IC3_-9,3;29,36;-9,3;125;Soil.Uy;22,110
IC3_-9,3;29,36;-9,3;132;Soil.Uy;22,640
IC3_-9,3;29,36;-9,3;138;Soil.Uy;23,030
IC3_-9,3;29,36;-9,3;146;Soil.Uy;23,230
IC3_-9,3;29,36;-9,3;153;Soil.Uy;23,130
IC3_-9,3;29,36;-9,3;160;Soil.Uy;23,730
IC3_-9,3;29,36;-9,3;167;Soil.Uy;23,840
IC3_-9,3;29,36;-9,3;174;Soil.Uy;23,990
IC3_-10,3;29,36;-10,3;0;Soil.Ux;0,000
IC3_-10,3;29,36;-10,3;20;Soil.Ux;0,020
IC3_-10,3;29,36;-10,3;27;Soil.Ux;
IC3_-10,3;29,36;-10,3;34;Soil.Ux;0,010
IC3_-10,3;29,36;-10,3;41;Soil.Ux;0,310
IC3_-10,3;29,36;-10,3;48;Soil.Ux;0,310
IC3_-10,3;29,36;-10,3;55;Soil.Ux;0,090
IC3_-10,3;29,36;-10,3;62;Soil.Ux;0,340
IC3_-10,3;29,36;-10,3;69;Soil.Ux;0,700
IC3_-10,3;29,36;-10,3;76;Soil.Ux;0,790
IC3_-10,3;29,36;-10,3;83;Soil.Ux;0,720
IC3_-10,3;29,36;-10,3;90;Soil.Ux;0,840
IC3_-10,3;29,36;-10,3;97;Soil.Ux;0,920
IC3_-10,3;29,36;-10,3;104;Soil.Ux;0,630
IC3_-10,3;29,36;-10,3;111;Soil.Ux;0,620
IC3_-10,3;29,36;-10,3;118;Soil.Ux;0,660
IC3_-10,3;29,36;-10,3;125;Soil.Ux;0,770
IC3_-10,3;29,36;-10,3;132;Soil.Ux;0,790
IC3_-10,3;29,36;-10,3;138;Soil.Ux;0,830
IC3_-10,3;29,36;-10,3;146;Soil.Ux;0,880
IC3_-10,3;29,36;-10,3;153;Soil.Ux;1,110
IC3_-10,3;29,36;-10,3;160;Soil.Ux;1,040
IC3_-10,3;29,36;-10,3;167;Soil.Ux;1,000
IC3_-10,3;29,36;-10,3;174;Soil.Ux;0,880
IC3_-10,3;29,36;-10,3;0;Soil.Uy;0,000
IC3_-10,3;29,36;-10,3;20;Soil.Uy;2,160
IC3_-10,3;29,36;-10,3;27;Soil.Uy;
IC3_-10,3;29,36;-10,3;34;Soil.Uy;4,530
IC3_-10,3;29,36;-10,3;41;Soil.Uy;6,060
IC3_-10,3;29,36;-10,3;48;Soil.Uy;8,670
IC3_-10,3;29,36;-10,3;55;Soil.Uy;9,350
IC3_-10,3;29,36;-10,3;62;Soil.Uy;10,480
IC3_-10,3;29,36;-10,3;69;Soil.Uy;11,170
IC3_-10,3;29,36;-10,3;76;Soil.Uy;11,150
IC3_-10,3;29,36;-10,3;83;Soil.Uy;11,130
IC3_-10,3;29,36;-10,3;90;Soil.Uy;11,110
IC3_-10,3;29,36;-10,3;97;Soil.Uy;11,430
IC3_-10,3;29,36;-10,3;104;Soil.Uy;12,120
IC3_-10,3;29,36;-10,3;111;Soil.Uy;12,360
IC3_-10,3;29,36;-10,3;118;Soil.Uy;13,900
IC3_-10,3;29,36;-10,3;125;Soil.Uy;16,550
IC3_-10,3;29,36;-10,3;132;Soil.Uy;17,140
IC3_-10,3;29,36;-10,3;138;Soil.Uy;17,470
IC3_-10,3;29,36;-10,3;146;Soil.Uy;17,610
IC3_-10,3;29,36;-10,3;153;Soil.Uy;17,440
IC3_-10,3;29,36;-10,3;160;Soil.Uy;18,020
IC3_-10,3;29,36;-10,3;167;Soil.Uy;18,130
IC3_-10,3;29,36;-10,3;174;Soil.Uy;18,270
IC3_-11,3;29,36;-11,3;0;Soil.Ux;0,000
IC3_-11,3;29,36;-11,3;20;Soil.Ux;0,050
IC3_-11,3;29,36;-11,3;27;Soil.Ux;
IC3_-11,3;29,36;-11,3;34;Soil.Ux;0,070
IC3_-11,3;29,36;-11,3;41;Soil.Ux;0,200
IC3_-11,3;29,36;-11,3;48;Soil.Ux;0,240
IC3_-11,3;29,36;-11,3;55;Soil.Ux;0,190
IC3_-11,3;29,36;-11,3;62;Soil.Ux;0,300
IC3_-11,3;29,36;-11,3;69;Soil.Ux;0,440
IC3_-11,3;29,36;-11,3;76;Soil.Ux;0,450
IC3_-11,3;29,36;-11,3;83;Soil.Ux;0,410
IC3_-11,3;29,36;-11,3;90;Soil.Ux;0,450
IC3_-11,3;29,36;-11,3;97;Soil.Ux;0,450
IC3_-11,3;29,36;-11,3;104;Soil.Ux;0,380
IC3_-11,3;29,36;-11,3;111;Soil.Ux;0,380
IC3_-11,3;29,36;-11,3;118;Soil.Ux;0,410
IC3_-11,3;29,36;-11,3;125;Soil.Ux;0,490
IC3_-11,3;29,36;-11,3;132;Soil.Ux;0,520
IC3_-11,3;29,36;-11,3;138;Soil.Ux;0,560
IC3_-11,3;29,36;-11,3;146;Soil.Ux;0,540
IC3_-11,3;29,36;-11,3;153;Soil.Ux;0,570
IC3_-11,3;29,36;-11,3;160;Soil.Ux;0,580
IC3_-11,3;29,36;-11,3;167;Soil.Ux;0,580
IC3_-11,3;29,36;-11,3;174;Soil.Ux;0,530
IC3_-11,3;29,36;-11,3;0;Soil.Uy;0,000
IC3_-11,3;29,36;-11,3;20;Soil.Uy;0,790
IC3_-11,3;29,36;-11,3;27;Soil.Uy;
IC3_-11,3;29,36;-11,3;34;Soil.Uy;1,740
IC3_-11,3;29,36;-11,3;41;Soil.Uy;2,370
IC3_-11,3;29,36;-11,3;48;Soil.Uy;3,480
IC3_-11,3;29,36;-11,3;55;Soil.Uy;3,890
IC3_-11,3;29,36;-11,3;62;Soil.Uy;4,470
IC3_-11,3;29,36;-11,3;69;Soil.Uy;4,840
IC3_-11,3;29,36;-11,3;76;Soil.Uy;4,840
IC3_-11,3;29,36;-11,3;83;Soil.Uy;4,820
IC3_-11,3;29,36;-11,3;90;Soil.Uy;4,820
IC3_-11,3;29,36;-11,3;97;Soil.Uy;4,940
IC3_-11,3;29,36;-11,3;104;Soil.Uy;5,290
IC3_-11,3;29,36;-11,3;111;Soil.Uy;5,420
IC3_-11,3;29,36;-11,3;118;Soil.Uy;6,170
IC3_-11,3;29,36;-11,3;125;Soil.Uy;7,560
IC3_-11,3;29,36;-11,3;132;Soil.Uy;7,920
IC3_-11,3;29,36;-11,3;138;Soil.Uy;8,070
IC3_-11,3;29,36;-11,3;146;Soil.Uy;8,150
IC3_-11,3;29,36;-11,3;153;Soil.Uy;8,120
IC3_-11,3;29,36;-11,3;160;Soil.Uy;8,330
IC3_-11,3;29,36;-11,3;167;Soil.Uy;8,400
IC3_-11,3;29,36;-11,3;174;Soil.Uy;8,450
IC3_-11,8;29,36;-11,8;0;Soil.Ux;0,000
IC3_-11,8;29,36;-11,8;20;Soil.Ux;0,000
IC3_-11,8;29,36;-11,8;27;Soil.Ux;
IC3_-11,8;29,36;-11,8;34;Soil.Ux;0,000
IC3_-11,8;29,36;-11,8;41;Soil.Ux;0,000
IC3_-11,8;29,36;-11,8;48;Soil.Ux;0,000
IC3_-11,8;29,36;-11,8;55;Soil.Ux;0,000
IC3_-11,8;29,36;-11,8;62;Soil.Ux;0,000
IC3_-11,8;29,36;-11,8;69;Soil.Ux;0,000
IC3_-11,8;29,36;-11,8;76;Soil.Ux;0,000
IC3_-11,8;29,36;-11,8;83;Soil.Ux;0,000
IC3_-11,8;29,36;-11,8;90;Soil.Ux;0,000
IC3_-11,8;29,36;-11,8;97;Soil.Ux;0,000
IC3_-11,8;29,36;-11,8;104;Soil.Ux;0,000
IC3_-11,8;29,36;-11,8;111;Soil.Ux;0,000
IC3_-11,8;29,36;-11,8;118;Soil.Ux;0,000
IC3_-11,8;29,36;-11,8;125;Soil.Ux;0,000
IC3_-11,8;29,36;-11,8;132;Soil.Ux;0,000
IC3_-11,8;29,36;-11,8;138;Soil.Ux;0,000
IC3_-11,8;29,36;-11,8;146;Soil.Ux;0,000
IC3_-11,8;29,36;-11,8;153;Soil.Ux;0,000
IC3_-11,8;29,36;-11,8;160;Soil.Ux;0,000
IC3_-11,8;29,36;-11,8;167;Soil.Ux;0,000
IC3_-11,8;29,36;-11,8;174;Soil.Ux;0,000
IC3_-11,8;29,36;-11,8;0;Soil.Uy;0,000
IC3_-11,8;29,36;-11,8;20;Soil.Uy;0,000
IC3_-11,8;29,36;-11,8;27;Soil.Uy;
IC3_-11,8;29,36;-11,8;34;Soil.Uy;0,000
IC3_-11,8;29,36;-11,8;41;Soil.Uy;0,000
IC3_-11,8;29,36;-11,8;48;Soil.Uy;0,000
IC3_-11,8;29,36;-11,8;55;Soil.Uy;0,000
IC3_-11,8;29,36;-11,8;62;Soil.Uy;0,000
IC3_-11,8;29,36;-11,8;69;Soil.Uy;0,000
IC3_-11,8;29,36;-11,8;76;Soil.Uy;0,000
IC3_-11,8;29,36;-11,8;83;Soil.Uy;0,000
IC3_-11,8;29,36;-11,8;90;Soil.Uy;0,000
IC3_-11,8;29,36;-11,8;97;Soil.Uy;0,000
IC3_-11,8;29,36;-11,8;104;Soil.Uy;0,000
IC3_-11,8;29,36;-11,8;111;Soil.Uy;0,000
IC3_-11,8;29,36;-11,8;118;Soil.Uy;0,000
IC3_-11,8;29,36;-11,8;125;Soil.Uy;0,000
IC3_-11,8;29,36;-11,8;132;Soil.Uy;0,000
IC3_-11,8;29,36;-11,8;138;Soil.Uy;0,000
IC3_-11,8;29,36;-11,8;146;Soil.Uy;0,000
IC3_-11,8;29,36;-11,8;153;Soil.Uy;0,000
IC3_-11,8;29,36;-11,8;160;Soil.Uy;0,000
IC3_-11,8;29,36;-11,8;167;Soil.Uy;0,000
IC3_-11,8;29,36;-11,8;174;Soil.Uy;0,000
IC2_surface;34,32;-5,8;0;Soil.Ux;0,000
IC2_surface;34,32;-5,8;20;Soil.Ux;-0,009
IC2_surface;34,32;-5,8;27;Soil.Ux;-0,006
IC2_surface;34,32;-5,8;34;Soil.Ux;-0,008
IC2_surface;34,32;-5,8;41;Soil.Ux;-0,003
IC2_surface;34,32;-5,8;48;Soil.Ux;0,001
IC2_surface;34,32;-5,8;55;Soil.Ux;-0,002
IC2_surface;34,32;-5,8;62;Soil.Ux;-0,007
IC2_surface;34,32;-5,8;69;Soil.Ux;-0,007
IC2_surface;34,32;-5,8;76;Soil.Ux;-0,007
IC2_surface;34,32;-5,8;83;Soil.Ux;-0,008
IC2_surface;34,32;-5,8;90;Soil.Ux;-0,002
IC2_surface;34,32;-5,8;97;Soil.Ux;-0,002
IC2_surface;34,32;-5,8;104;Soil.Ux;-0,005
IC2_surface;34,32;-5,8;111;Soil.Ux;-0,003
IC2_surface;34,32;-5,8;118;Soil.Ux;-0,002
IC2_surface;34,32;-5,8;125;Soil.Ux;-0,004
IC2_surface;34,32;-5,8;132;Soil.Ux;-0,003
IC2_surface;34,32;-5,8;138;Soil.Ux;-0,003
IC2_surface;34,32;-5,8;146;Soil.Ux;0,002
IC2_surface;34,32;-5,8;153;Soil.Ux;0,004
IC2_surface;34,32;-5,8;160;Soil.Ux;0,000
IC2_surface;34,32;-5,8;0;Soil.Uy;0,000
IC2_surface;34,32;-5,8;20;Soil.Uy;0,013
IC2_surface;34,32;-5,8;27;Soil.Uy;0,014
IC2_surface;34,32;-5,8;34;Soil.Uy;0,017
IC2_surface;34,32;-5,8;41;Soil.Uy;0,014
IC2_surface;34,32;-5,8;48;Soil.Uy;0,023
IC2_surface;34,32;-5,8;55;Soil.Uy;0,030
IC2_surface;34,32;-5,8;62;Soil.Uy;0,031
IC2_surface;34,32;-5,8;69;Soil.Uy;0,034
IC2_surface;34,32;-5,8;76;Soil.Uy;0,037
IC2_surface;34,32;-5,8;83;Soil.Uy;0,040
IC2_surface;34,32;-5,8;90;Soil.Uy;0,041
IC2_surface;34,32;-5,8;97;Soil.Uy;0,039
IC2_surface;34,32;-5,8;104;Soil.Uy;0,037
IC2_surface;34,32;-5,8;111;Soil.Uy;0,038
IC2_surface;34,32;-5,8;118;Soil.Uy;0,044
IC2_surface;34,32;-5,8;125;Soil.Uy;0,053
IC2_surface;34,32;-5,8;132;Soil.Uy;0,057
IC2_surface;34,32;-5,8;138;Soil.Uy;0,058
IC2_surface;34,32;-5,8;146;Soil.Uy;0,053
IC2_surface;34,32;-5,8;153;Soil.Uy;0,054
IC2_surface;34,32;-5,8;160;Soil.Uy;0,060
IC2_-6,3;34,32;-6,3;0;Soil.Ux;0,000
IC2_-6,3;34,32;-6,3;20;Soil.Ux;1,330
IC2_-6,3;34,32;-6,3;27;Soil.Ux;2,500
IC2_-6,3;34,32;-6,3;34;Soil.Ux;2,770
IC2_-6,3;34,32;-6,3;41;Soil.Ux;2,700
IC2_-6,3;34,32;-6,3;48;Soil.Ux;2,460
IC2_-6,3;34,32;-6,3;55;Soil.Ux;1,020
IC2_-6,3;34,32;-6,3;62;Soil.Ux;0,980
IC2_-6,3;34,32;-6,3;69;Soil.Ux;1,010
IC2_-6,3;34,32;-6,3;76;Soil.Ux;1,030
IC2_-6,3;34,32;-6,3;83;Soil.Ux;0,870
IC2_-6,3;34,32;-6,3;90;Soil.Ux;0,650
IC2_-6,3;34,32;-6,3;97;Soil.Ux;0,660
IC2_-6,3;34,32;-6,3;104;Soil.Ux;-0,100
IC2_-6,3;34,32;-6,3;111;Soil.Ux;-0,130
IC2_-6,3;34,32;-6,3;118;Soil.Ux;-0,480
IC2_-6,3;34,32;-6,3;125;Soil.Ux;-0,670
IC2_-6,3;34,32;-6,3;132;Soil.Ux;-1,150
IC2_-6,3;34,32;-6,3;138;Soil.Ux;-1,190
IC2_-6,3;34,32;-6,3;146;Soil.Ux;-0,970
IC2_-6,3;34,32;-6,3;153;Soil.Ux;-1,210
IC2_-6,3;34,32;-6,3;160;Soil.Ux;-1,070
IC2_-6,3;34,32;-6,3;167;Soil.Ux;-0,900
IC2_-6,3;34,32;-6,3;174;Soil.Ux;-1,190
IC2_-6,3;34,32;-6,3;0;Soil.Uy;0,000
IC2_-6,3;34,32;-6,3;20;Soil.Uy;3,580
IC2_-6,3;34,32;-6,3;27;Soil.Uy;5,390
IC2_-6,3;34,32;-6,3;34;Soil.Uy;7,530
IC2_-6,3;34,32;-6,3;41;Soil.Uy;9,690
IC2_-6,3;34,32;-6,3;48;Soil.Uy;13,910
IC2_-6,3;34,32;-6,3;55;Soil.Uy;15,530
IC2_-6,3;34,32;-6,3;62;Soil.Uy;17,450
IC2_-6,3;34,32;-6,3;69;Soil.Uy;18,750
IC2_-6,3;34,32;-6,3;76;Soil.Uy;18,830
IC2_-6,3;34,32;-6,3;83;Soil.Uy;18,660
IC2_-6,3;34,32;-6,3;90;Soil.Uy;18,660
IC2_-6,3;34,32;-6,3;97;Soil.Uy;19,350
IC2_-6,3;34,32;-6,3;104;Soil.Uy;20,180
IC2_-6,3;34,32;-6,3;111;Soil.Uy;20,880
IC2_-6,3;34,32;-6,3;118;Soil.Uy;23,800
IC2_-6,3;34,32;-6,3;125;Soil.Uy;30,130
IC2_-6,3;34,32;-6,3;132;Soil.Uy;31,080
IC2_-6,3;34,32;-6,3;138;Soil.Uy;31,810
IC2_-6,3;34,32;-6,3;146;Soil.Uy;32,280
IC2_-6,3;34,32;-6,3;153;Soil.Uy;32,560
IC2_-6,3;34,32;-6,3;160;Soil.Uy;32,360
IC2_-6,3;34,32;-6,3;167;Soil.Uy;32,700
IC2_-6,3;34,32;-6,3;174;Soil.Uy;33,000
IC2_-7,3;34,32;-7,3;0;Soil.Ux;0,000
IC2_-7,3;34,32;-7,3;20;Soil.Ux;0,120
IC2_-7,3;34,32;-7,3;27;Soil.Ux;0,100
IC2_-7,3;34,32;-7,3;34;Soil.Ux;0,130
IC2_-7,3;34,32;-7,3;41;Soil.Ux;0,240
IC2_-7,3;34,32;-7,3;48;Soil.Ux;0,060
IC2_-7,3;34,32;-7,3;55;Soil.Ux;-1,000
IC2_-7,3;34,32;-7,3;62;Soil.Ux;-0,930
IC2_-7,3;34,32;-7,3;69;Soil.Ux;-0,830
IC2_-7,3;34,32;-7,3;76;Soil.Ux;-0,570
IC2_-7,3;34,32;-7,3;83;Soil.Ux;-0,470
IC2_-7,3;34,32;-7,3;90;Soil.Ux;-0,450
IC2_-7,3;34,32;-7,3;97;Soil.Ux;-0,360
IC2_-7,3;34,32;-7,3;104;Soil.Ux;-0,940
IC2_-7,3;34,32;-7,3;111;Soil.Ux;-0,940
IC2_-7,3;34,32;-7,3;118;Soil.Ux;-1,180
IC2_-7,3;34,32;-7,3;125;Soil.Ux;-1,260
IC2_-7,3;34,32;-7,3;132;Soil.Ux;-1,540
IC2_-7,3;34,32;-7,3;138;Soil.Ux;-1,480
IC2_-7,3;34,32;-7,3;146;Soil.Ux;-1,270
IC2_-7,3;34,32;-7,3;153;Soil.Ux;-1,470
IC2_-7,3;34,32;-7,3;160;Soil.Ux;-1,320
IC2_-7,3;34,32;-7,3;167;Soil.Ux;-1,140
IC2_-7,3;34,32;-7,3;174;Soil.Ux;-1,340
IC2_-7,3;34,32;-7,3;0;Soil.Uy;0,000
IC2_-7,3;34,32;-7,3;20;Soil.Uy;2,480
IC2_-7,3;34,32;-7,3;27;Soil.Uy;3,380
IC2_-7,3;34,32;-7,3;34;Soil.Uy;5,210
IC2_-7,3;34,32;-7,3;41;Soil.Uy;7,360
IC2_-7,3;34,32;-7,3;48;Soil.Uy;11,210
IC2_-7,3;34,32;-7,3;55;Soil.Uy;12,770
IC2_-7,3;34,32;-7,3;62;Soil.Uy;14,280
IC2_-7,3;34,32;-7,3;69;Soil.Uy;15,780
IC2_-7,3;34,32;-7,3;76;Soil.Uy;16,240
IC2_-7,3;34,32;-7,3;83;Soil.Uy;16,300
IC2_-7,3;34,32;-7,3;90;Soil.Uy;16,430
IC2_-7,3;34,32;-7,3;97;Soil.Uy;17,000
IC2_-7,3;34,32;-7,3;104;Soil.Uy;17,960
IC2_-7,3;34,32;-7,3;111;Soil.Uy;18,620
IC2_-7,3;34,32;-7,3;118;Soil.Uy;21,360
IC2_-7,3;34,32;-7,3;125;Soil.Uy;27,120
IC2_-7,3;34,32;-7,3;132;Soil.Uy;28,030
IC2_-7,3;34,32;-7,3;138;Soil.Uy;28,660
IC2_-7,3;34,32;-7,3;146;Soil.Uy;29,040
IC2_-7,3;34,32;-7,3;153;Soil.Uy;29,370
IC2_-7,3;34,32;-7,3;160;Soil.Uy;29,200
IC2_-7,3;34,32;-7,3;167;Soil.Uy;29,570
IC2_-7,3;34,32;-7,3;174;Soil.Uy;29,790
IC2_-8,3;34,32;-8,3;0;Soil.Ux;0,000
IC2_-8,3;34,32;-8,3;20;Soil.Ux;0,080
IC2_-8,3;34,32;-8,3;27;Soil.Ux;0,000
IC2_-8,3;34,32;-8,3;34;Soil.Ux;-0,120
IC2_-8,3;34,32;-8,3;41;Soil.Ux;-0,080
IC2_-8,3;34,32;-8,3;48;Soil.Ux;-0,250
IC2_-8,3;34,32;-8,3;55;Soil.Ux;-1,110
IC2_-8,3;34,32;-8,3;62;Soil.Ux;-1,040
IC2_-8,3;34,32;-8,3;69;Soil.Ux;-0,960
IC2_-8,3;34,32;-8,3;76;Soil.Ux;-0,830
IC2_-8,3;34,32;-8,3;83;Soil.Ux;-0,720
IC2_-8,3;34,32;-8,3;90;Soil.Ux;-0,750
IC2_-8,3;34,32;-8,3;97;Soil.Ux;-0,650
IC2_-8,3;34,32;-8,3;104;Soil.Ux;-1,140
IC2_-8,3;34,32;-8,3;111;Soil.Ux;-1,180
IC2_-8,3;34,32;-8,3;118;Soil.Ux;-1,300
IC2_-8,3;34,32;-8,3;125;Soil.Ux;-1,350
IC2_-8,3;34,32;-8,3;132;Soil.Ux;-1,630
IC2_-8,3;34,32;-8,3;138;Soil.Ux;-1,600
IC2_-8,3;34,32;-8,3;146;Soil.Ux;-1,450
IC2_-8,3;34,32;-8,3;153;Soil.Ux;-1,560
IC2_-8,3;34,32;-8,3;160;Soil.Ux;-1,510
IC2_-8,3;34,32;-8,3;167;Soil.Ux;-1,330
IC2_-8,3;34,32;-8,3;174;Soil.Ux;-1,490
IC2_-8,3;34,32;-8,3;0;Soil.Uy;0,000
IC2_-8,3;34,32;-8,3;20;Soil.Uy;2,220
IC2_-8,3;34,32;-8,3;27;Soil.Uy;2,950
IC2_-8,3;34,32;-8,3;34;Soil.Uy;4,460
IC2_-8,3;34,32;-8,3;41;Soil.Uy;6,240
IC2_-8,3;34,32;-8,3;48;Soil.Uy;9,400
IC2_-8,3;34,32;-8,3;55;Soil.Uy;10,740
IC2_-8,3;34,32;-8,3;62;Soil.Uy;11,960
IC2_-8,3;34,32;-8,3;69;Soil.Uy;13,150
IC2_-8,3;34,32;-8,3;76;Soil.Uy;13,530
IC2_-8,3;34,32;-8,3;83;Soil.Uy;13,560
IC2_-8,3;34,32;-8,3;90;Soil.Uy;13,700
IC2_-8,3;34,32;-8,3;97;Soil.Uy;14,190
IC2_-8,3;34,32;-8,3;104;Soil.Uy;15,080
IC2_-8,3;34,32;-8,3;111;Soil.Uy;15,600
IC2_-8,3;34,32;-8,3;118;Soil.Uy;17,960
IC2_-8,3;34,32;-8,3;125;Soil.Uy;22,810
IC2_-8,3;34,32;-8,3;132;Soil.Uy;23,520
IC2_-8,3;34,32;-8,3;138;Soil.Uy;24,030
IC2_-8,3;34,32;-8,3;146;Soil.Uy;24,370
IC2_-8,3;34,32;-8,3;153;Soil.Uy;24,620
IC2_-8,3;34,32;-8,3;160;Soil.Uy;24,450
IC2_-8,3;34,32;-8,3;167;Soil.Uy;24,740
IC2_-8,3;34,32;-8,3;174;Soil.Uy;24,940
IC2_-9,3;34,32;-9,3;0;Soil.Ux;0,000
IC2_-9,3;34,32;-9,3;20;Soil.Ux;0,110
IC2_-9,3;34,32;-9,3;27;Soil.Ux;0,110
IC2_-9,3;34,32;-9,3;34;Soil.Ux;-0,010
IC2_-9,3;34,32;-9,3;41;Soil.Ux;0,000
IC2_-9,3;34,32;-9,3;48;Soil.Ux;-0,110
IC2_-9,3;34,32;-9,3;55;Soil.Ux;-0,790
IC2_-9,3;34,32;-9,3;62;Soil.Ux;-0,670
IC2_-9,3;34,32;-9,3;69;Soil.Ux;-0,610
IC2_-9,3;34,32;-9,3;76;Soil.Ux;-0,570
IC2_-9,3;34,32;-9,3;83;Soil.Ux;-0,440
IC2_-9,3;34,32;-9,3;90;Soil.Ux;-0,520
IC2_-9,3;34,32;-9,3;97;Soil.Ux;-0,420
IC2_-9,3;34,32;-9,3;104;Soil.Ux;-0,810
IC2_-9,3;34,32;-9,3;111;Soil.Ux;-0,850
IC2_-9,3;34,32;-9,3;118;Soil.Ux;-0,970
IC2_-9,3;34,32;-9,3;125;Soil.Ux;-1,080
IC2_-9,3;34,32;-9,3;132;Soil.Ux;-1,260
IC2_-9,3;34,32;-9,3;138;Soil.Ux;-1,260
IC2_-9,3;34,32;-9,3;146;Soil.Ux;-1,080
IC2_-9,3;34,32;-9,3;153;Soil.Ux;-1,200
IC2_-9,3;34,32;-9,3;160;Soil.Ux;-1,140
IC2_-9,3;34,32;-9,3;167;Soil.Ux;-1,040
IC2_-9,3;34,32;-9,3;174;Soil.Ux;-1,110
IC2_-9,3;34,32;-9,3;0;Soil.Uy;0,000
IC2_-9,3;34,32;-9,3;20;Soil.Uy;1,960
IC2_-9,3;34,32;-9,3;27;Soil.Uy;2,630
IC2_-9,3;34,32;-9,3;34;Soil.Uy;3,800
IC2_-9,3;34,32;-9,3;41;Soil.Uy;5,260
IC2_-9,3;34,32;-9,3;48;Soil.Uy;7,820
IC2_-9,3;34,32;-9,3;55;Soil.Uy;8,900
IC2_-9,3;34,32;-9,3;62;Soil.Uy;9,870
IC2_-9,3;34,32;-9,3;69;Soil.Uy;10,800
IC2_-9,3;34,32;-9,3;76;Soil.Uy;11,050
IC2_-9,3;34,32;-9,3;83;Soil.Uy;11,020
IC2_-9,3;34,32;-9,3;90;Soil.Uy;11,160
IC2_-9,3;34,32;-9,3;97;Soil.Uy;11,560
IC2_-9,3;34,32;-9,3;104;Soil.Uy;12,310
IC2_-9,3;34,32;-9,3;111;Soil.Uy;12,740
IC2_-9,3;34,32;-9,3;118;Soil.Uy;14,700
IC2_-9,3;34,32;-9,3;125;Soil.Uy;18,570
IC2_-9,3;34,32;-9,3;132;Soil.Uy;19,150
IC2_-9,3;34,32;-9,3;138;Soil.Uy;19,510
IC2_-9,3;34,32;-9,3;146;Soil.Uy;19,790
IC2_-9,3;34,32;-9,3;153;Soil.Uy;20,010
IC2_-9,3;34,32;-9,3;160;Soil.Uy;19,880
IC2_-9,3;34,32;-9,3;167;Soil.Uy;20,040
IC2_-9,3;34,32;-9,3;174;Soil.Uy;20,200
IC2_-10,3;34,32;-10,3;0;Soil.Ux;0,000
IC2_-10,3;34,32;-10,3;20;Soil.Ux;0,000
IC2_-10,3;34,32;-10,3;27;Soil.Ux;0,040
IC2_-10,3;34,32;-10,3;34;Soil.Ux;-0,100
IC2_-10,3;34,32;-10,3;41;Soil.Ux;-0,110
IC2_-10,3;34,32;-10,3;48;Soil.Ux;-0,180
IC2_-10,3;34,32;-10,3;55;Soil.Ux;-0,600
IC2_-10,3;34,32;-10,3;62;Soil.Ux;-0,510
IC2_-10,3;34,32;-10,3;69;Soil.Ux;-0,490
IC2_-10,3;34,32;-10,3;76;Soil.Ux;-0,510
IC2_-10,3;34,32;-10,3;83;Soil.Ux;-0,410
IC2_-10,3;34,32;-10,3;90;Soil.Ux;-0,450
IC2_-10,3;34,32;-10,3;97;Soil.Ux;-0,410
IC2_-10,3;34,32;-10,3;104;Soil.Ux;-0,630
IC2_-10,3;34,32;-10,3;111;Soil.Ux;-0,690
IC2_-10,3;34,32;-10,3;118;Soil.Ux;-0,800
IC2_-10,3;34,32;-10,3;125;Soil.Ux;-0,950
IC2_-10,3;34,32;-10,3;132;Soil.Ux;-1,100
IC2_-10,3;34,32;-10,3;138;Soil.Ux;-1,110
IC2_-10,3;34,32;-10,3;146;Soil.Ux;-0,990
IC2_-10,3;34,32;-10,3;153;Soil.Ux;-1,120
IC2_-10,3;34,32;-10,3;160;Soil.Ux;-1,040
IC2_-10,3;34,32;-10,3;167;Soil.Ux;-0,970
IC2_-10,3;34,32;-10,3;174;Soil.Ux;-1,030
IC2_-10,3;34,32;-10,3;0;Soil.Uy;0,000
IC2_-10,3;34,32;-10,3;20;Soil.Uy;1,180
IC2_-10,3;34,32;-10,3;27;Soil.Uy;1,640
IC2_-10,3;34,32;-10,3;34;Soil.Uy;2,370
IC2_-10,3;34,32;-10,3;41;Soil.Uy;3,310
IC2_-10,3;34,32;-10,3;48;Soil.Uy;4,950
IC2_-10,3;34,32;-10,3;55;Soil.Uy;5,740
IC2_-10,3;34,32;-10,3;62;Soil.Uy;6,400
IC2_-10,3;34,32;-10,3;69;Soil.Uy;7,150
IC2_-10,3;34,32;-10,3;76;Soil.Uy;7,330
IC2_-10,3;34,32;-10,3;83;Soil.Uy;7,300
IC2_-10,3;34,32;-10,3;90;Soil.Uy;7,440
IC2_-10,3;34,32;-10,3;97;Soil.Uy;7,700
IC2_-10,3;34,32;-10,3;104;Soil.Uy;8,210
IC2_-10,3;34,32;-10,3;111;Soil.Uy;8,500
IC2_-10,3;34,32;-10,3;118;Soil.Uy;9,870
IC2_-10,3;34,32;-10,3;125;Soil.Uy;12,640
IC2_-10,3;34,32;-10,3;132;Soil.Uy;13,210
IC2_-10,3;34,32;-10,3;138;Soil.Uy;13,460
IC2_-10,3;34,32;-10,3;146;Soil.Uy;13,690
IC2_-10,3;34,32;-10,3;153;Soil.Uy;13,870
IC2_-10,3;34,32;-10,3;160;Soil.Uy;13,820
IC2_-10,3;34,32;-10,3;167;Soil.Uy;13,920
IC2_-10,3;34,32;-10,3;174;Soil.Uy;14,040
IC2_-11,3;34,32;-11,3;0;Soil.Ux;0,000
IC2_-11,3;34,32;-11,3;20;Soil.Ux;-0,070
IC2_-11,3;34,32;-11,3;27;Soil.Ux;-0,020
IC2_-11,3;34,32;-11,3;34;Soil.Ux;-0,060
IC2_-11,3;34,32;-11,3;41;Soil.Ux;-0,090
IC2_-11,3;34,32;-11,3;48;Soil.Ux;-0,120
IC2_-11,3;34,32;-11,3;55;Soil.Ux;-0,250
IC2_-11,3;34,32;-11,3;62;Soil.Ux;-0,200
IC2_-11,3;34,32;-11,3;69;Soil.Ux;-0,230
IC2_-11,3;34,32;-11,3;76;Soil.Ux;-0,250
IC2_-11,3;34,32;-11,3;83;Soil.Ux;-0,230
IC2_-11,3;34,32;-11,3;90;Soil.Ux;-0,230
IC2_-11,3;34,32;-11,3;97;Soil.Ux;-0,210
IC2_-11,3;34,32;-11,3;104;Soil.Ux;-0,290
IC2_-11,3;34,32;-11,3;111;Soil.Ux;-0,310
IC2_-11,3;34,32;-11,3;118;Soil.Ux;-0,380
IC2_-11,3;34,32;-11,3;125;Soil.Ux;-0,470
IC2_-11,3;34,32;-11,3;132;Soil.Ux;-0,530
IC2_-11,3;34,32;-11,3;138;Soil.Ux;-0,550
IC2_-11,3;34,32;-11,3;146;Soil.Ux;-0,510
IC2_-11,3;34,32;-11,3;153;Soil.Ux;-0,560
IC2_-11,3;34,32;-11,3;160;Soil.Ux;-0,550
IC2_-11,3;34,32;-11,3;167;Soil.Ux;-0,510
IC2_-11,3;34,32;-11,3;174;Soil.Ux;-0,540
IC2_-11,3;34,32;-11,3;0;Soil.Uy;0,000
IC2_-11,3;34,32;-11,3;20;Soil.Uy;0,230
IC2_-11,3;34,32;-11,3;27;Soil.Uy;0,360
IC2_-11,3;34,32;-11,3;34;Soil.Uy;0,560
IC2_-11,3;34,32;-11,3;41;Soil.Uy;0,850
IC2_-11,3;34,32;-11,3;48;Soil.Uy;1,360
IC2_-11,3;34,32;-11,3;55;Soil.Uy;1,620
IC2_-11,3;34,32;-11,3;62;Soil.Uy;1,870
IC2_-11,3;34,32;-11,3;69;Soil.Uy;2,180
IC2_-11,3;34,32;-11,3;76;Soil.Uy;2,280
IC2_-11,3;34,32;-11,3;83;Soil.Uy;2,310
IC2_-11,3;34,32;-11,3;90;Soil.Uy;2,360
IC2_-11,3;34,32;-11,3;97;Soil.Uy;2,450
IC2_-11,3;34,32;-11,3;104;Soil.Uy;2,620
IC2_-11,3;34,32;-11,3;111;Soil.Uy;2,730
IC2_-11,3;34,32;-11,3;118;Soil.Uy;3,260
IC2_-11,3;34,32;-11,3;125;Soil.Uy;4,480
IC2_-11,3;34,32;-11,3;132;Soil.Uy;4,870
IC2_-11,3;34,32;-11,3;138;Soil.Uy;5,050
IC2_-11,3;34,32;-11,3;146;Soil.Uy;5,190
IC2_-11,3;34,32;-11,3;153;Soil.Uy;5,270
IC2_-11,3;34,32;-11,3;160;Soil.Uy;5,280
IC2_-11,3;34,32;-11,3;167;Soil.Uy;5,370
IC2_-11,3;34,32;-11,3;174;Soil.Uy;5,420
IC2_-11,8;34,32;-11,8;0;Soil.Ux;0,000
IC2_-11,8;34,32;-11,8;20;Soil.Ux;0,000
IC2_-11,8;34,32;-11,8;27;Soil.Ux;0,000
IC2_-11,8;34,32;-11,8;34;Soil.Ux;0,000
IC2_-11,8;34,32;-11,8;41;Soil.Ux;0,000
IC2_-11,8;34,32;-11,8;48;Soil.Ux;0,000
IC2_-11,8;34,32;-11,8;55;Soil.Ux;0,000
IC2_-11,8;34,32;-11,8;62;Soil.Ux;0,000
IC2_-11,8;34,32;-11,8;69;Soil.Ux;0,000
IC2_-11,8;34,32;-11,8;76;Soil.Ux;0,000
IC2_-11,8;34,32;-11,8;83;Soil.Ux;0,000
IC2_-11,8;34,32;-11,8;90;Soil.Ux;0,000
IC2_-11,8;34,32;-11,8;97;Soil.Ux;0,000
IC2_-11,8;34,32;-11,8;104;Soil.Ux;0,000
IC2_-11,8;34,32;-11,8;111;Soil.Ux;0,000
IC2_-11,8;34,32;-11,8;118;Soil.Ux;0,000
IC2_-11,8;34,32;-11,8;125;Soil.Ux;0,000
IC2_-11,8;34,32;-11,8;132;Soil.Ux;0,000
IC2_-11,8;34,32;-11,8;138;Soil.Ux;0,000
IC2_-11,8;34,32;-11,8;146;Soil.Ux;0,000
IC2_-11,8;34,32;-11,8;153;Soil.Ux;0,000
IC2_-11,8;34,32;-11,8;160;Soil.Ux;0,000
IC2_-11,8;34,32;-11,8;167;Soil.Ux;0,000
IC2_-11,8;34,32;-11,8;174;Soil.Ux;0,000
IC2_-11,8;34,32;-11,8;0;Soil.Uy;0,000
IC2_-11,8;34,32;-11,8;20;Soil.Uy;0,000
IC2_-11,8;34,32;-11,8;27;Soil.Uy;0,000
IC2_-11,8;34,32;-11,8;34;Soil.Uy;0,000
IC2_-11,8;34,32;-11,8;41;Soil.Uy;0,000
IC2_-11,8;34,32;-11,8;48;Soil.Uy;0,000
IC2_-11,8;34,32;-11,8;55;Soil.Uy;0,000
IC2_-11,8;34,32;-11,8;62;Soil.Uy;0,000
IC2_-11,8;34,32;-11,8;69;Soil.Uy;0,000
IC2_-11,8;34,32;-11,8;76;Soil.Uy;0,000
IC2_-11,8;34,32;-11,8;83;Soil.Uy;0,000
IC2_-11,8;34,32;-11,8;90;Soil.Uy;0,000
IC2_-11,8;34,32;-11,8;97;Soil.Uy;0,000
IC2_-11,8;34,32;-11,8;104;Soil.Uy;0,000
IC2_-11,8;34,32;-11,8;111;Soil.Uy;0,000
IC2_-11,8;34,32;-11,8;118;Soil.Uy;0,000
IC2_-11,8;34,32;-11,8;125;Soil.Uy;0,000
IC2_-11,8;34,32;-11,8;132;Soil.Uy;0,000
IC2_-11,8;34,32;-11,8;138;Soil.Uy;0,000
IC2_-11,8;34,32;-11,8;146;Soil.Uy;0,000
IC2_-11,8;34,32;-11,8;153;Soil.Uy;0,000
IC2_-11,8;34,32;-11,8;160;Soil.Uy;0,000
IC2_-11,8;34,32;-11,8;167;Soil.Uy;0,000
IC2_-11,8;34,32;-11,8;174;Soil.Uy;0,000
IC1_surface;39,13;-5,8;0;Soil.Ux;0,000
IC1_surface;39,13;-5,8;20;Soil.Ux;-0,006
IC1_surface;39,13;-5,8;27;Soil.Ux;-0,003
IC1_surface;39,13;-5,8;34;Soil.Ux;-0,006
IC1_surface;39,13;-5,8;41;Soil.Ux;-0,001
IC1_surface;39,13;-5,8;48;Soil.Ux;0,004
IC1_surface;39,13;-5,8;55;Soil.Ux;0,000
IC1_surface;39,13;-5,8;62;Soil.Ux;-0,004
IC1_surface;39,13;-5,8;69;Soil.Ux;-0,005
IC1_surface;39,13;-5,8;76;Soil.Ux;-0,005
IC1_surface;39,13;-5,8;83;Soil.Ux;-0,005
IC1_surface;39,13;-5,8;90;Soil.Ux;0,001
IC1_surface;39,13;-5,8;97;Soil.Ux;0,000
IC1_surface;39,13;-5,8;104;Soil.Ux;-0,003
IC1_surface;39,13;-5,8;111;Soil.Ux;0,000
IC1_surface;39,13;-5,8;118;Soil.Ux;0,000
IC1_surface;39,13;-5,8;125;Soil.Ux;-0,003
IC1_surface;39,13;-5,8;132;Soil.Ux;-0,002
IC1_surface;39,13;-5,8;138;Soil.Ux;-0,002
IC1_surface;39,13;-5,8;146;Soil.Ux;0,004
IC1_surface;39,13;-5,8;153;Soil.Ux;0,005
IC1_surface;39,13;-5,8;160;Soil.Ux;0,000
IC1_surface;39,13;-5,8;0;Soil.Uy;0,000
IC1_surface;39,13;-5,8;20;Soil.Uy;0,012
IC1_surface;39,13;-5,8;27;Soil.Uy;0,009
IC1_surface;39,13;-5,8;34;Soil.Uy;0,013
IC1_surface;39,13;-5,8;41;Soil.Uy;0,010
IC1_surface;39,13;-5,8;48;Soil.Uy;0,016
IC1_surface;39,13;-5,8;55;Soil.Uy;0,020
IC1_surface;39,13;-5,8;62;Soil.Uy;0,020
IC1_surface;39,13;-5,8;69;Soil.Uy;0,023
IC1_surface;39,13;-5,8;76;Soil.Uy;0,027
IC1_surface;39,13;-5,8;83;Soil.Uy;0,030
IC1_surface;39,13;-5,8;90;Soil.Uy;0,031
IC1_surface;39,13;-5,8;97;Soil.Uy;0,029
IC1_surface;39,13;-5,8;104;Soil.Uy;0,026
IC1_surface;39,13;-5,8;111;Soil.Uy;0,027
IC1_surface;39,13;-5,8;118;Soil.Uy;0,032
IC1_surface;39,13;-5,8;125;Soil.Uy;0,037
IC1_surface;39,13;-5,8;132;Soil.Uy;0,040
IC1_surface;39,13;-5,8;138;Soil.Uy;0,040
IC1_surface;39,13;-5,8;146;Soil.Uy;0,036
IC1_surface;39,13;-5,8;153;Soil.Uy;0,036
IC1_surface;39,13;-5,8;160;Soil.Uy;0,041
IC1_-6,3;39,13;-6,3;0;Soil.Ux;0,000
IC1_-6,3;39,13;-6,3;20;Soil.Ux;0,800
IC1_-6,3;39,13;-6,3;27;Soil.Ux;1,030
IC1_-6,3;39,13;-6,3;34;Soil.Ux;1,640
IC1_-6,3;39,13;-6,3;41;Soil.Ux;2,720
IC1_-6,3;39,13;-6,3;48;Soil.Ux;2,210
IC1_-6,3;39,13;-6,3;55;Soil.Ux;1,130
IC1_-6,3;39,13;-6,3;62;Soil.Ux;1,210
IC1_-6,3;39,13;-6,3;69;Soil.Ux;0,510
IC1_-6,3;39,13;-6,3;76;Soil.Ux;0,420
IC1_-6,3;39,13;-6,3;83;Soil.Ux;-0,690
IC1_-6,3;39,13;-6,3;90;Soil.Ux;0,050
IC1_-6,3;39,13;-6,3;97;Soil.Ux;0,190
IC1_-6,3;39,13;-6,3;104;Soil.Ux;-0,020
IC1_-6,3;39,13;-6,3;111;Soil.Ux;0,260
IC1_-6,3;39,13;-6,3;118;Soil.Ux;0,330
IC1_-6,3;39,13;-6,3;125;Soil.Ux;0,570
IC1_-6,3;39,13;-6,3;132;Soil.Ux;0,160
IC1_-6,3;39,13;-6,3;138;Soil.Ux;0,230
IC1_-6,3;39,13;-6,3;146;Soil.Ux;0,270
IC1_-6,3;39,13;-6,3;153;Soil.Ux;0,780
IC1_-6,3;39,13;-6,3;160;Soil.Ux;0,750
IC1_-6,3;39,13;-6,3;167;Soil.Ux;0,310
IC1_-6,3;39,13;-6,3;174;Soil.Ux;0,820
IC1_-6,3;39,13;-6,3;0;Soil.Uy;0,000
IC1_-6,3;39,13;-6,3;20;Soil.Uy;2,230
IC1_-6,3;39,13;-6,3;27;Soil.Uy;3,000
IC1_-6,3;39,13;-6,3;34;Soil.Uy;4,390
IC1_-6,3;39,13;-6,3;41;Soil.Uy;5,640
IC1_-6,3;39,13;-6,3;48;Soil.Uy;7,180
IC1_-6,3;39,13;-6,3;55;Soil.Uy;8,490
IC1_-6,3;39,13;-6,3;62;Soil.Uy;9,290
IC1_-6,3;39,13;-6,3;69;Soil.Uy;10,750
IC1_-6,3;39,13;-6,3;76;Soil.Uy;11,430
IC1_-6,3;39,13;-6,3;83;Soil.Uy;11,340
IC1_-6,3;39,13;-6,3;90;Soil.Uy;12,760
IC1_-6,3;39,13;-6,3;97;Soil.Uy;13,500
IC1_-6,3;39,13;-6,3;104;Soil.Uy;13,570
IC1_-6,3;39,13;-6,3;111;Soil.Uy;14,730
IC1_-6,3;39,13;-6,3;118;Soil.Uy;16,960
IC1_-6,3;39,13;-6,3;125;Soil.Uy;21,050
IC1_-6,3;39,13;-6,3;132;Soil.Uy;21,670
IC1_-6,3;39,13;-6,3;138;Soil.Uy;22,580
IC1_-6,3;39,13;-6,3;146;Soil.Uy;23,070
IC1_-6,3;39,13;-6,3;153;Soil.Uy;23,480
IC1_-6,3;39,13;-6,3;160;Soil.Uy;23,350
IC1_-6,3;39,13;-6,3;167;Soil.Uy;23,340
IC1_-6,3;39,13;-6,3;174;Soil.Uy;24,070
IC1_-7,3;39,13;-7,3;0;Soil.Ux;0,000
IC1_-7,3;39,13;-7,3;20;Soil.Ux;0,350
IC1_-7,3;39,13;-7,3;27;Soil.Ux;0,340
IC1_-7,3;39,13;-7,3;34;Soil.Ux;0,390
IC1_-7,3;39,13;-7,3;41;Soil.Ux;0,880
IC1_-7,3;39,13;-7,3;48;Soil.Ux;0,850
IC1_-7,3;39,13;-7,3;55;Soil.Ux;0,310
IC1_-7,3;39,13;-7,3;62;Soil.Ux;0,180
IC1_-7,3;39,13;-7,3;69;Soil.Ux;-0,080
IC1_-7,3;39,13;-7,3;76;Soil.Ux;0,150
IC1_-7,3;39,13;-7,3;83;Soil.Ux;-0,930
IC1_-7,3;39,13;-7,3;90;Soil.Ux;-0,140
IC1_-7,3;39,13;-7,3;97;Soil.Ux;0,060
IC1_-7,3;39,13;-7,3;104;Soil.Ux;-0,200
IC1_-7,3;39,13;-7,3;111;Soil.Ux;0,090
IC1_-7,3;39,13;-7,3;118;Soil.Ux;0,110
IC1_-7,3;39,13;-7,3;125;Soil.Ux;0,250
IC1_-7,3;39,13;-7,3;132;Soil.Ux;-0,170
IC1_-7,3;39,13;-7,3;138;Soil.Ux;-0,190
IC1_-7,3;39,13;-7,3;146;Soil.Ux;-0,150
IC1_-7,3;39,13;-7,3;153;Soil.Ux;0,200
IC1_-7,3;39,13;-7,3;160;Soil.Ux;0,170
IC1_-7,3;39,13;-7,3;167;Soil.Ux;-0,110
IC1_-7,3;39,13;-7,3;174;Soil.Ux;0,130
IC1_-7,3;39,13;-7,3;0;Soil.Uy;0,000
IC1_-7,3;39,13;-7,3;20;Soil.Uy;1,530
IC1_-7,3;39,13;-7,3;27;Soil.Uy;1,510
IC1_-7,3;39,13;-7,3;34;Soil.Uy;2,090
IC1_-7,3;39,13;-7,3;41;Soil.Uy;3,100
IC1_-7,3;39,13;-7,3;48;Soil.Uy;5,090
IC1_-7,3;39,13;-7,3;55;Soil.Uy;6,660
IC1_-7,3;39,13;-7,3;62;Soil.Uy;7,260
IC1_-7,3;39,13;-7,3;69;Soil.Uy;8,780
IC1_-7,3;39,13;-7,3;76;Soil.Uy;9,630
IC1_-7,3;39,13;-7,3;83;Soil.Uy;9,280
IC1_-7,3;39,13;-7,3;90;Soil.Uy;10,620
IC1_-7,3;39,13;-7,3;97;Soil.Uy;11,180
IC1_-7,3;39,13;-7,3;104;Soil.Uy;11,290
IC1_-7,3;39,13;-7,3;111;Soil.Uy;12,270
IC1_-7,3;39,13;-7,3;118;Soil.Uy;14,370
IC1_-7,3;39,13;-7,3;125;Soil.Uy;18,200
IC1_-7,3;39,13;-7,3;132;Soil.Uy;18,850
IC1_-7,3;39,13;-7,3;138;Soil.Uy;19,520
IC1_-7,3;39,13;-7,3;146;Soil.Uy;19,920
IC1_-7,3;39,13;-7,3;153;Soil.Uy;20,250
IC1_-7,3;39,13;-7,3;160;Soil.Uy;20,130
IC1_-7,3;39,13;-7,3;167;Soil.Uy;20,200
IC1_-7,3;39,13;-7,3;174;Soil.Uy;20,660
IC1_-8,3;39,13;-8,3;0;Soil.Ux;0,000
IC1_-8,3;39,13;-8,3;20;Soil.Ux;0,270
IC1_-8,3;39,13;-8,3;27;Soil.Ux;0,250
IC1_-8,3;39,13;-8,3;34;Soil.Ux;0,280
IC1_-8,3;39,13;-8,3;41;Soil.Ux;0,580
IC1_-8,3;39,13;-8,3;48;Soil.Ux;0,540
IC1_-8,3;39,13;-8,3;55;Soil.Ux;0,180
IC1_-8,3;39,13;-8,3;62;Soil.Ux;0,060
IC1_-8,3;39,13;-8,3;69;Soil.Ux;-0,060
IC1_-8,3;39,13;-8,3;76;Soil.Ux;0,120
IC1_-8,3;39,13;-8,3;83;Soil.Ux;-0,150
IC1_-8,3;39,13;-8,3;90;Soil.Ux;-0,140
IC1_-8,3;39,13;-8,3;97;Soil.Ux;0,040
IC1_-8,3;39,13;-8,3;104;Soil.Ux;-0,170
IC1_-8,3;39,13;-8,3;111;Soil.Ux;0,030
IC1_-8,3;39,13;-8,3;118;Soil.Ux;0,050
IC1_-8,3;39,13;-8,3;125;Soil.Ux;0,210
IC1_-8,3;39,13;-8,3;132;Soil.Ux;-0,130
IC1_-8,3;39,13;-8,3;138;Soil.Ux;-0,190
IC1_-8,3;39,13;-8,3;146;Soil.Ux;-0,160
IC1_-8,3;39,13;-8,3;153;Soil.Ux;0,130
IC1_-8,3;39,13;-8,3;160;Soil.Ux;0,100
IC1_-8,3;39,13;-8,3;167;Soil.Ux;-0,070
IC1_-8,3;39,13;-8,3;174;Soil.Ux;0,110
IC1_-8,3;39,13;-8,3;0;Soil.Uy;0,000
IC1_-8,3;39,13;-8,3;20;Soil.Uy;1,370
IC1_-8,3;39,13;-8,3;27;Soil.Uy;1,450
IC1_-8,3;39,13;-8,3;34;Soil.Uy;2,000
IC1_-8,3;39,13;-8,3;41;Soil.Uy;2,910
IC1_-8,3;39,13;-8,3;48;Soil.Uy;4,640
IC1_-8,3;39,13;-8,3;55;Soil.Uy;5,900
IC1_-8,3;39,13;-8,3;62;Soil.Uy;6,450
IC1_-8,3;39,13;-8,3;69;Soil.Uy;7,470
IC1_-8,3;39,13;-8,3;76;Soil.Uy;8,190
IC1_-8,3;39,13;-8,3;83;Soil.Uy;8,410
IC1_-8,3;39,13;-8,3;90;Soil.Uy;8,800
IC1_-8,3;39,13;-8,3;97;Soil.Uy;9,200
IC1_-8,3;39,13;-8,3;104;Soil.Uy;9,360
IC1_-8,3;39,13;-8,3;111;Soil.Uy;10,240
IC1_-8,3;39,13;-8,3;118;Soil.Uy;12,030
IC1_-8,3;39,13;-8,3;125;Soil.Uy;15,240
IC1_-8,3;39,13;-8,3;132;Soil.Uy;15,750
IC1_-8,3;39,13;-8,3;138;Soil.Uy;16,280
IC1_-8,3;39,13;-8,3;146;Soil.Uy;16,600
IC1_-8,3;39,13;-8,3;153;Soil.Uy;16,930
IC1_-8,3;39,13;-8,3;160;Soil.Uy;16,800
IC1_-8,3;39,13;-8,3;167;Soil.Uy;16,830
IC1_-8,3;39,13;-8,3;174;Soil.Uy;17,190
IC1_-9,3;39,13;-9,3;0;Soil.Ux;0,000
IC1_-9,3;39,13;-9,3;20;Soil.Ux;0,180
IC1_-9,3;39,13;-9,3;27;Soil.Ux;0,150
IC1_-9,3;39,13;-9,3;34;Soil.Ux;0,190
IC1_-9,3;39,13;-9,3;41;Soil.Ux;0,330
IC1_-9,3;39,13;-9,3;48;Soil.Ux;0,330
IC1_-9,3;39,13;-9,3;55;Soil.Ux;0,010
IC1_-9,3;39,13;-9,3;62;Soil.Ux;0,010
IC1_-9,3;39,13;-9,3;69;Soil.Ux;-0,040
IC1_-9,3;39,13;-9,3;76;Soil.Ux;0,110
IC1_-9,3;39,13;-9,3;83;Soil.Ux;-0,110
IC1_-9,3;39,13;-9,3;90;Soil.Ux;-0,090
IC1_-9,3;39,13;-9,3;97;Soil.Ux;0,050
IC1_-9,3;39,13;-9,3;104;Soil.Ux;-0,150
IC1_-9,3;39,13;-9,3;111;Soil.Ux;-0,010
IC1_-9,3;39,13;-9,3;118;Soil.Ux;0,000
IC1_-9,3;39,13;-9,3;125;Soil.Ux;0,200
IC1_-9,3;39,13;-9,3;132;Soil.Ux;-0,070
IC1_-9,3;39,13;-9,3;138;Soil.Ux;-0,150
IC1_-9,3;39,13;-9,3;146;Soil.Ux;-0,110
IC1_-9,3;39,13;-9,3;153;Soil.Ux;0,100
IC1_-9,3;39,13;-9,3;160;Soil.Ux;0,110
IC1_-9,3;39,13;-9,3;167;Soil.Ux;0,030
IC1_-9,3;39,13;-9,3;174;Soil.Ux;0,140
IC1_-9,3;39,13;-9,3;0;Soil.Uy;0,000
IC1_-9,3;39,13;-9,3;20;Soil.Uy;0,960
IC1_-9,3;39,13;-9,3;27;Soil.Uy;1,100
IC1_-9,3;39,13;-9,3;34;Soil.Uy;1,600
IC1_-9,3;39,13;-9,3;41;Soil.Uy;2,360
IC1_-9,3;39,13;-9,3;48;Soil.Uy;3,800
IC1_-9,3;39,13;-9,3;55;Soil.Uy;4,770
IC1_-9,3;39,13;-9,3;62;Soil.Uy;5,280
IC1_-9,3;39,13;-9,3;69;Soil.Uy;6,040
IC1_-9,3;39,13;-9,3;76;Soil.Uy;6,590
IC1_-9,3;39,13;-9,3;83;Soil.Uy;6,650
IC1_-9,3;39,13;-9,3;90;Soil.Uy;6,940
IC1_-9,3;39,13;-9,3;97;Soil.Uy;7,140
IC1_-9,3;39,13;-9,3;104;Soil.Uy;7,400
IC1_-9,3;39,13;-9,3;111;Soil.Uy;7,990
IC1_-9,3;39,13;-9,3;118;Soil.Uy;9,470
IC1_-9,3;39,13;-9,3;125;Soil.Uy;12,020
IC1_-9,3;39,13;-9,3;132;Soil.Uy;12,480
IC1_-9,3;39,13;-9,3;138;Soil.Uy;12,890
IC1_-9,3;39,13;-9,3;146;Soil.Uy;13,090
IC1_-9,3;39,13;-9,3;153;Soil.Uy;13,360
IC1_-9,3;39,13;-9,3;160;Soil.Uy;13,290
IC1_-9,3;39,13;-9,3;167;Soil.Uy;13,250
IC1_-9,3;39,13;-9,3;174;Soil.Uy;13,520
IC1_-10,3;39,13;-10,3;0;Soil.Ux;0,000
IC1_-10,3;39,13;-10,3;20;Soil.Ux;0,140
IC1_-10,3;39,13;-10,3;27;Soil.Ux;0,140
IC1_-10,3;39,13;-10,3;34;Soil.Ux;0,170
IC1_-10,3;39,13;-10,3;41;Soil.Ux;0,190
IC1_-10,3;39,13;-10,3;48;Soil.Ux;0,230
IC1_-10,3;39,13;-10,3;55;Soil.Ux;0,100
IC1_-10,3;39,13;-10,3;62;Soil.Ux;0,090
IC1_-10,3;39,13;-10,3;69;Soil.Ux;0,090
IC1_-10,3;39,13;-10,3;76;Soil.Ux;0,190
IC1_-10,3;39,13;-10,3;83;Soil.Ux;0,060
IC1_-10,3;39,13;-10,3;90;Soil.Ux;0,070
IC1_-10,3;39,13;-10,3;97;Soil.Ux;0,150
IC1_-10,3;39,13;-10,3;104;Soil.Ux;0,030
IC1_-10,3;39,13;-10,3;111;Soil.Ux;0,120
IC1_-10,3;39,13;-10,3;118;Soil.Ux;0,100
IC1_-10,3;39,13;-10,3;125;Soil.Ux;0,260
IC1_-10,3;39,13;-10,3;132;Soil.Ux;0,110
IC1_-10,3;39,13;-10,3;138;Soil.Ux;0,100
IC1_-10,3;39,13;-10,3;146;Soil.Ux;0,110
IC1_-10,3;39,13;-10,3;153;Soil.Ux;0,210
IC1_-10,3;39,13;-10,3;160;Soil.Ux;0,260
IC1_-10,3;39,13;-10,3;167;Soil.Ux;0,230
IC1_-10,3;39,13;-10,3;174;Soil.Ux;0,300
IC1_-10,3;39,13;-10,3;0;Soil.Uy;0,000
IC1_-10,3;39,13;-10,3;20;Soil.Uy;0,610
IC1_-10,3;39,13;-10,3;27;Soil.Uy;0,730
IC1_-10,3;39,13;-10,3;34;Soil.Uy;1,060
IC1_-10,3;39,13;-10,3;41;Soil.Uy;1,580
IC1_-10,3;39,13;-10,3;48;Soil.Uy;2,480
IC1_-10,3;39,13;-10,3;55;Soil.Uy;3,070
IC1_-10,3;39,13;-10,3;62;Soil.Uy;3,350
IC1_-10,3;39,13;-10,3;69;Soil.Uy;3,810
IC1_-10,3;39,13;-10,3;76;Soil.Uy;4,210
IC1_-10,3;39,13;-10,3;83;Soil.Uy;4,190
IC1_-10,3;39,13;-10,3;90;Soil.Uy;4,380
IC1_-10,3;39,13;-10,3;97;Soil.Uy;4,490
IC1_-10,3;39,13;-10,3;104;Soil.Uy;4,620
IC1_-10,3;39,13;-10,3;111;Soil.Uy;5,010
IC1_-10,3;39,13;-10,3;118;Soil.Uy;5,940
IC1_-10,3;39,13;-10,3;125;Soil.Uy;7,680
IC1_-10,3;39,13;-10,3;132;Soil.Uy;8,030
IC1_-10,3;39,13;-10,3;138;Soil.Uy;8,290
IC1_-10,3;39,13;-10,3;146;Soil.Uy;8,460
IC1_-10,3;39,13;-10,3;153;Soil.Uy;8,640
IC1_-10,3;39,13;-10,3;160;Soil.Uy;8,590
IC1_-10,3;39,13;-10,3;167;Soil.Uy;8,570
IC1_-10,3;39,13;-10,3;174;Soil.Uy;8,700
IC1_-11,3;39,13;-11,3;0;Soil.Ux;0,000
IC1_-11,3;39,13;-11,3;20;Soil.Ux;-0,010
IC1_-11,3;39,13;-11,3;27;Soil.Ux;0,020
IC1_-11,3;39,13;-11,3;34;Soil.Ux;0,020
IC1_-11,3;39,13;-11,3;41;Soil.Ux;-0,010
IC1_-11,3;39,13;-11,3;48;Soil.Ux;0,020
IC1_-11,3;39,13;-11,3;55;Soil.Ux;0,010
IC1_-11,3;39,13;-11,3;62;Soil.Ux;0,000
IC1_-11,3;39,13;-11,3;69;Soil.Ux;0,000
IC1_-11,3;39,13;-11,3;76;Soil.Ux;0,040
IC1_-11,3;39,13;-11,3;83;Soil.Ux;0,010
IC1_-11,3;39,13;-11,3;90;Soil.Ux;0,010
IC1_-11,3;39,13;-11,3;97;Soil.Ux;0,010
IC1_-11,3;39,13;-11,3;104;Soil.Ux;-0,020
IC1_-11,3;39,13;-11,3;111;Soil.Ux;0,010
IC1_-11,3;39,13;-11,3;118;Soil.Ux;-0,010
IC1_-11,3;39,13;-11,3;125;Soil.Ux;0,070
IC1_-11,3;39,13;-11,3;132;Soil.Ux;0,020
IC1_-11,3;39,13;-11,3;138;Soil.Ux;0,010
IC1_-11,3;39,13;-11,3;146;Soil.Ux;0,000
IC1_-11,3;39,13;-11,3;153;Soil.Ux;0,040
IC1_-11,3;39,13;-11,3;160;Soil.Ux;0,050
IC1_-11,3;39,13;-11,3;167;Soil.Ux;0,050
IC1_-11,3;39,13;-11,3;174;Soil.Ux;0,090
IC1_-11,3;39,13;-11,3;0;Soil.Uy;0,000
IC1_-11,3;39,13;-11,3;20;Soil.Uy;0,100
IC1_-11,3;39,13;-11,3;27;Soil.Uy;0,130
IC1_-11,3;39,13;-11,3;34;Soil.Uy;0,230
IC1_-11,3;39,13;-11,3;41;Soil.Uy;0,360
IC1_-11,3;39,13;-11,3;48;Soil.Uy;0,590
IC1_-11,3;39,13;-11,3;55;Soil.Uy;0,750
IC1_-11,3;39,13;-11,3;62;Soil.Uy;0,820
IC1_-11,3;39,13;-11,3;69;Soil.Uy;0,950
IC1_-11,3;39,13;-11,3;76;Soil.Uy;1,040
IC1_-11,3;39,13;-11,3;83;Soil.Uy;1,070
IC1_-11,3;39,13;-11,3;90;Soil.Uy;1,140
IC1_-11,3;39,13;-11,3;97;Soil.Uy;1,170
IC1_-11,3;39,13;-11,3;104;Soil.Uy;1,190
IC1_-11,3;39,13;-11,3;111;Soil.Uy;1,310
IC1_-11,3;39,13;-11,3;118;Soil.Uy;1,560
IC1_-11,3;39,13;-11,3;125;Soil.Uy;2,130
IC1_-11,3;39,13;-11,3;132;Soil.Uy;2,310
IC1_-11,3;39,13;-11,3;138;Soil.Uy;2,420
IC1_-11,3;39,13;-11,3;146;Soil.Uy;2,480
IC1_-11,3;39,13;-11,3;153;Soil.Uy;2,550
IC1_-11,3;39,13;-11,3;160;Soil.Uy;2,540
IC1_-11,3;39,13;-11,3;167;Soil.Uy;2,560
IC1_-11,3;39,13;-11,3;174;Soil.Uy;2,580
IC1_-11,8;39,13;-11,8;0;Soil.Ux;0,000
IC1_-11,8;39,13;-11,8;20;Soil.Ux;0,000
IC1_-11,8;39,13;-11,8;27;Soil.Ux;0,000
IC1_-11,8;39,13;-11,8;34;Soil.Ux;0,000
IC1_-11,8;39,13;-11,8;41;Soil.Ux;0,000
IC1_-11,8;39,13;-11,8;48;Soil.Ux;0,000
IC1_-11,8;39,13;-11,8;55;Soil.Ux;0,000
IC1_-11,8;39,13;-11,8;62;Soil.Ux;0,000
IC1_-11,8;39,13;-11,8;69;Soil.Ux;0,000
IC1_-11,8;39,13;-11,8;76;Soil.Ux;0,000
IC1_-11,8;39,13;-11,8;83;Soil.Ux;0,000
IC1_-11,8;39,13;-11,8;90;Soil.Ux;0,000
IC1_-11,8;39,13;-11,8;97;Soil.Ux;0,000
IC1_-11,8;39,13;-11,8;104;Soil.Ux;0,000
IC1_-11,8;39,13;-11,8;111;Soil.Ux;0,000
IC1_-11,8;39,13;-11,8;118;Soil.Ux;0,000
IC1_-11,8;39,13;-11,8;125;Soil.Ux;0,000
IC1_-11,8;39,13;-11,8;132;Soil.Ux;0,000
IC1_-11,8;39,13;-11,8;138;Soil.Ux;0,000
IC1_-11,8;39,13;-11,8;146;Soil.Ux;0,000
IC1_-11,8;39,13;-11,8;153;Soil.Ux;0,000
IC1_-11,8;39,13;-11,8;160;Soil.Ux;0,000
IC1_-11,8;39,13;-11,8;167;Soil.Ux;0,000
IC1_-11,8;39,13;-11,8;174;Soil.Ux;0,000
IC1_-11,8;39,13;-11,8;0;Soil.Uy;0,000
IC1_-11,8;39,13;-11,8;20;Soil.Uy;0,000
IC1_-11,8;39,13;-11,8;27;Soil.Uy;0,000
IC1_-11,8;39,13;-11,8;34;Soil.Uy;0,000
IC1_-11,8;39,13;-11,8;41;Soil.Uy;0,000
IC1_-11,8;39,13;-11,8;48;Soil.Uy;0,000
IC1_-11,8;39,13;-11,8;55;Soil.Uy;0,000
IC1_-11,8;39,13;-11,8;62;Soil.Uy;0,000
IC1_-11,8;39,13;-11,8;69;Soil.Uy;0,000
IC1_-11,8;39,13;-11,8;76;Soil.Uy;0,000
IC1_-11,8;39,13;-11,8;83;Soil.Uy;0,000
IC1_-11,8;39,13;-11,8;90;Soil.Uy;0,000
IC1_-11,8;39,13;-11,8;97;Soil.Uy;0,000
IC1_-11,8;39,13;-11,8;104;Soil.Uy;0,000
IC1_-11,8;39,13;-11,8;111;Soil.Uy;0,000
IC1_-11,8;39,13;-11,8;118;Soil.Uy;0,000
IC1_-11,8;39,13;-11,8;125;Soil.Uy;0,000
IC1_-11,8;39,13;-11,8;132;Soil.Uy;0,000
IC1_-11,8;39,13;-11,8;138;Soil.Uy;0,000
IC1_-11,8;39,13;-11,8;146;Soil.Uy;0,000
IC1_-11,8;39,13;-11,8;153;Soil.Uy;0,000
IC1_-11,8;39,13;-11,8;160;Soil.Uy;0,000
IC1_-11,8;39,13;-11,8;167;Soil.Uy;0,000
IC1_-11,8;39,13;-11,8;174;Soil.Uy;0,000
