point_identification;x;y;time;result_type;value;relative_to_point
Fenomarker_10;23,92;-5,8;6;Soil.Ux;-1,677;
Fenomarker_10;23,92;-5,8;13;Soil.Ux;-2,880;
Fenomarker_10;23,92;-5,8;21;Soil.Ux;-2,710;
Fenomarker_10;23,92;-5,8;26;Soil.Ux;1,616;
Fenomarker_10;23,92;-5,8;33;Soil.Ux;-3,853;
Fenomarker_10;23,92;-5,8;40;Soil.Ux;5,054;
Fenomarker_10;23,92;-5,8;46;Soil.Ux;-1,593;
Fenomarker_10;23,92;-5,8;56;Soil.Ux;-5,931;
Fenomarker_10;23,92;-5,8;61;Soil.Ux;-8,981;
Fenomarker_10;23,92;-5,8;82;Soil.Ux;-10,585;
Fenomarker_10;23,92;-5,8;89;Soil.Ux;-3,525;
Fenomarker_10;23,92;-5,8;98;Soil.Ux;-4,595;
Fenomarker_10;23,92;-5,8;105;Soil.Ux;-9,285;
Fenomarker_10;23,92;-5,8;113;Soil.Ux;-5,312;
Fenomarker_10;23,92;-5,8;123;Soil.Ux;-13,490;
Fenomarker_10;23,92;-5,8;133;Soil.Ux;-11,546;
Fenomarker_10;23,92;-5,8;140;Soil.Ux;-8,071;
Fenomarker_10;23,92;-5,8;148;Soil.Ux;-0,331;
Fenomarker_10;23,92;-5,8;159;Soil.Ux;-8,715;
Fenomarker_10;23,92;-5,8;6;Soil.Uy;20,547;
Fenomarker_10;23,92;-5,8;13;Soil.Uy;12,029;
Fenomarker_10;23,92;-5,8;21;Soil.Uy;29,029;
Fenomarker_10;23,92;-5,8;26;Soil.Uy;38,045;
Fenomarker_10;23,92;-5,8;33;Soil.Uy;44,217;
Fenomarker_10;23,92;-5,8;40;Soil.Uy;46,599;
Fenomarker_10;23,92;-5,8;46;Soil.Uy;70,196;
Fenomarker_10;23,92;-5,8;56;Soil.Uy;89,358;
Fenomarker_10;23,92;-5,8;61;Soil.Uy;84,388;
Fenomarker_10;23,92;-5,8;82;Soil.Uy;100,464;
Fenomarker_10;23,92;-5,8;89;Soil.Uy;106,393;
Fenomarker_10;23,92;-5,8;98;Soil.Uy;117,111;
Fenomarker_10;23,92;-5,8;105;Soil.Uy;130,452;
Fenomarker_10;23,92;-5,8;113;Soil.Uy;133,648;
Fenomarker_10;23,92;-5,8;123;Soil.Uy;168,849;
Fenomarker_10;23,92;-5,8;133;Soil.Uy;186,772;
Fenomarker_10;23,92;-5,8;140;Soil.Uy;193,090;
Fenomarker_10;23,92;-5,8;148;Soil.Uy;184,718;
Fenomarker_10;23,92;-5,8;159;Soil.Uy;205,156;
Fenomarker_9;28,31;-5,8;6;Soil.Ux;-3,949;
Fenomarker_9;28,31;-5,8;13;Soil.Ux;-6,537;
Fenomarker_9;28,31;-5,8;21;Soil.Ux;-12,577;
Fenomarker_9;28,31;-5,8;26;Soil.Ux;-8,640;
Fenomarker_9;28,31;-5,8;33;Soil.Ux;-6,441;
Fenomarker_9;28,31;-5,8;40;Soil.Ux;3,390;
Fenomarker_9;28,31;-5,8;46;Soil.Ux;-3,537;
Fenomarker_9;28,31;-5,8;56;Soil.Ux;-5,991;
Fenomarker_9;28,31;-5,8;61;Soil.Ux;-8,689;
Fenomarker_9;28,31;-5,8;82;Soil.Ux;-26,296;
Fenomarker_9;28,31;-5,8;89;Soil.Ux;-7,486;
Fenomarker_9;28,31;-5,8;98;Soil.Ux;-7,413;
Fenomarker_9;28,31;-5,8;105;Soil.Ux;-11,180;
Fenomarker_9;28,31;-5,8;113;Soil.Ux;3,972;
Fenomarker_9;28,31;-5,8;123;Soil.Ux;-17,159;
Fenomarker_9;28,31;-5,8;133;Soil.Ux;-3,246;
Fenomarker_9;28,31;-5,8;140;Soil.Ux;-2,894;
Fenomarker_9;28,31;-5,8;148;Soil.Ux;7,896;
Fenomarker_9;28,31;-5,8;159;Soil.Ux;5,551;
Fenomarker_9;28,31;-5,8;6;Soil.Uy;22,746;
Fenomarker_9;28,31;-5,8;13;Soil.Uy;16,890;
Fenomarker_9;28,31;-5,8;21;Soil.Uy;30,657;
Fenomarker_9;28,31;-5,8;26;Soil.Uy;36,088;
Fenomarker_9;28,31;-5,8;33;Soil.Uy;38,360;
Fenomarker_9;28,31;-5,8;40;Soil.Uy;38,968;
Fenomarker_9;28,31;-5,8;46;Soil.Uy;52,273;
Fenomarker_9;28,31;-5,8;56;Soil.Uy;65,651;
Fenomarker_9;28,31;-5,8;61;Soil.Uy;66,502;
Fenomarker_9;28,31;-5,8;82;Soil.Uy;76,502;
Fenomarker_9;28,31;-5,8;89;Soil.Uy;75,020;
Fenomarker_9;28,31;-5,8;98;Soil.Uy;70,548;
Fenomarker_9;28,31;-5,8;105;Soil.Uy;82,116;
Fenomarker_9;28,31;-5,8;113;Soil.Uy;85,494;
Fenomarker_9;28,31;-5,8;123;Soil.Uy;119,589;
Fenomarker_9;28,31;-5,8;133;Soil.Uy;116,685;
Fenomarker_9;28,31;-5,8;140;Soil.Uy;122,506;
Fenomarker_9;28,31;-5,8;148;Soil.Uy;119,104;
Fenomarker_9;28,31;-5,8;159;Soil.Uy;125,774;
Fenomarker_8;33,23;-5,8;6;Soil.Ux;0,559;
Fenomarker_8;33,23;-5,8;13;Soil.Ux;-7,279;
Fenomarker_8;33,23;-5,8;21;Soil.Ux;-16,441;
Fenomarker_8;33,23;-5,8;26;Soil.Ux;-11,969;
Fenomarker_8;33,23;-5,8;33;Soil.Ux;-3,949;
Fenomarker_8;33,23;-5,8;40;Soil.Ux;3,293;
Fenomarker_8;33,23;-5,8;46;Soil.Ux;-8,494;
Fenomarker_8;33,23;-5,8;56;Soil.Ux;-4,630;
Fenomarker_8;33,23;-5,8;61;Soil.Ux;-8,215;
Fenomarker_8;33,23;-5,8;82;Soil.Ux;1,373;
Fenomarker_8;33,23;-5,8;89;Soil.Ux;-11,763;
Fenomarker_8;33,23;-5,8;98;Soil.Ux;-3,281;
Fenomarker_8;33,23;-5,8;105;Soil.Ux;-6,550;
Fenomarker_8;33,23;-5,8;113;Soil.Ux;-2,078;
Fenomarker_8;33,23;-5,8;123;Soil.Ux;2,563;
Fenomarker_8;33,23;-5,8;133;Soil.Ux;-8,410;
Fenomarker_8;33,23;-5,8;140;Soil.Ux;-0,098;
Fenomarker_8;33,23;-5,8;148;Soil.Ux;7,994;
Fenomarker_8;33,23;-5,8;159;Soil.Ux;0,291;
Fenomarker_8;33,23;-5,8;6;Soil.Uy;20,584;
Fenomarker_8;33,23;-5,8;13;Soil.Uy;7,485;
Fenomarker_8;33,23;-5,8;21;Soil.Uy;20,754;
Fenomarker_8;33,23;-5,8;26;Soil.Uy;20,827;
Fenomarker_8;33,23;-5,8;33;Soil.Uy;22,746;
Fenomarker_8;33,23;-5,8;40;Soil.Uy;17,497;
Fenomarker_8;33,23;-5,8;46;Soil.Uy;27,145;
Fenomarker_8;33,23;-5,8;56;Soil.Uy;37,048;
Fenomarker_8;33,23;-5,8;61;Soil.Uy;37,437;
Fenomarker_8;33,23;-5,8;82;Soil.Uy;25,517;
Fenomarker_8;33,23;-5,8;89;Soil.Uy;35,590;
Fenomarker_8;33,23;-5,8;98;Soil.Uy;36,623;
Fenomarker_8;33,23;-5,8;105;Soil.Uy;45,068;
Fenomarker_8;33,23;-5,8;113;Soil.Uy;45,141;
Fenomarker_8;33,23;-5,8;123;Soil.Uy;62,213;
Fenomarker_8;33,23;-5,8;133;Soil.Uy;76,794;
Fenomarker_8;33,23;-5,8;140;Soil.Uy;60,828;
Fenomarker_8;33,23;-5,8;148;Soil.Uy;58,276;
Fenomarker_8;33,23;-5,8;159;Soil.Uy;64,412;
Fenomarker_7;38,24;-5,8;6;Soil.Ux;2,053;
Fenomarker_7;38,24;-5,8;13;Soil.Ux;-2,698;
Fenomarker_7;38,24;-5,8;21;Soil.Ux;-10,013;
Fenomarker_7;38,24;-5,8;26;Soil.Ux;-0,608;
Fenomarker_7;38,24;-5,8;33;Soil.Ux;-0,146;
Fenomarker_7;38,24;-5,8;40;Soil.Ux;-7,206;
Fenomarker_7;38,24;-5,8;46;Soil.Ux;6,525;
Fenomarker_7;38,24;-5,8;56;Soil.Ux;1,907;
Fenomarker_7;38,24;-5,8;61;Soil.Ux;-3,415;
Fenomarker_7;38,24;-5,8;82;Soil.Ux;-13,099;
Fenomarker_7;38,24;-5,8;89;Soil.Ux;1,336;
Fenomarker_7;38,24;-5,8;98;Soil.Ux;0,632;
Fenomarker_7;38,24;-5,8;105;Soil.Ux;-1,179;
Fenomarker_7;38,24;-5,8;113;Soil.Ux;8,153;
Fenomarker_7;38,24;-5,8;123;Soil.Ux;3,499;
Fenomarker_7;38,24;-5,8;133;Soil.Ux;15,674;
Fenomarker_7;38,24;-5,8;140;Soil.Ux;3,462;
Fenomarker_7;38,24;-5,8;148;Soil.Ux;11,665;
Fenomarker_7;38,24;-5,8;159;Soil.Ux;4,884;
Fenomarker_7;38,24;-5,8;6;Soil.Uy;11,215;
Fenomarker_7;38,24;-5,8;13;Soil.Uy;0,851;
Fenomarker_7;38,24;-5,8;21;Soil.Uy;10,571;
Fenomarker_7;38,24;-5,8;26;Soil.Uy;9,830;
Fenomarker_7;38,24;-5,8;33;Soil.Uy;8,943;
Fenomarker_7;38,24;-5,8;40;Soil.Uy;3,013;
Fenomarker_7;38,24;-5,8;46;Soil.Uy;11,288;
Fenomarker_7;38,24;-5,8;56;Soil.Uy;20,158;
Fenomarker_7;38,24;-5,8;61;Soil.Uy;17,388;
Fenomarker_7;38,24;-5,8;82;Soil.Uy;7,837;
Fenomarker_7;38,24;-5,8;89;Soil.Uy;27,753;
Fenomarker_7;38,24;-5,8;98;Soil.Uy;16,112;
Fenomarker_7;38,24;-5,8;105;Soil.Uy;17,424;
Fenomarker_7;38,24;-5,8;113;Soil.Uy;21,155;
Fenomarker_7;38,24;-5,8;123;Soil.Uy;32,261;
Fenomarker_7;38,24;-5,8;133;Soil.Uy;26,198;
Fenomarker_7;38,24;-5,8;140;Soil.Uy;34,497;
Fenomarker_7;38,24;-5,8;148;Soil.Uy;25,238;
Fenomarker_7;38,24;-5,8;159;Soil.Uy;29,600;
Fenomarker_6;43,21;-5,8;6;Soil.Ux;0,668;
Fenomarker_6;43,21;-5,8;13;Soil.Ux;-8,093;
Fenomarker_6;43,21;-5,8;21;Soil.Ux;-13,597;
Fenomarker_6;43,21;-5,8;26;Soil.Ux;0,316;
Fenomarker_6;43,21;-5,8;33;Soil.Ux;6,598;
Fenomarker_6;43,21;-5,8;40;Soil.Ux;-0,608;
Fenomarker_6;43,21;-5,8;46;Soil.Ux;3,900;
Fenomarker_6;43,21;-5,8;56;Soil.Ux;-2,418;
Fenomarker_6;43,21;-5,8;61;Soil.Ux;-7,315;
Fenomarker_6;43,21;-5,8;82;Soil.Ux;-11,823;
Fenomarker_6;43,21;-5,8;89;Soil.Ux;-5,723;
Fenomarker_6;43,21;-5,8;98;Soil.Ux;-1,604;
Fenomarker_6;43,21;-5,8;105;Soil.Ux;-2,029;
Fenomarker_6;43,21;-5,8;113;Soil.Ux;2,904;
Fenomarker_6;43,21;-5,8;123;Soil.Ux;3,439;
Fenomarker_6;43,21;-5,8;133;Soil.Ux;-15,347;
Fenomarker_6;43,21;-5,8;140;Soil.Ux;-1,750;
Fenomarker_6;43,21;-5,8;148;Soil.Ux;-0,717;
Fenomarker_6;43,21;-5,8;159;Soil.Ux;-1,288;
Fenomarker_6;43,21;-5,8;6;Soil.Uy;13,876;
Fenomarker_6;43,21;-5,8;13;Soil.Uy;2,552;
Fenomarker_6;43,21;-5,8;21;Soil.Uy;10,960;
Fenomarker_6;43,21;-5,8;26;Soil.Uy;8,056;
Fenomarker_6;43,21;-5,8;33;Soil.Uy;6,817;
Fenomarker_6;43,21;-5,8;40;Soil.Uy;9,830;
Fenomarker_6;43,21;-5,8;46;Soil.Uy;7,667;
Fenomarker_6;43,21;-5,8;56;Soil.Uy;11,142;
Fenomarker_6;43,21;-5,8;61;Soil.Uy;9,721;
Fenomarker_6;43,21;-5,8;82;Soil.Uy;11,883;
Fenomarker_6;43,21;-5,8;89;Soil.Uy;21,823;
Fenomarker_6;43,21;-5,8;98;Soil.Uy;16,076;
Fenomarker_6;43,21;-5,8;105;Soil.Uy;14,727;
Fenomarker_6;43,21;-5,8;113;Soil.Uy;13,913;
Fenomarker_6;43,21;-5,8;123;Soil.Uy;8,554;
Fenomarker_6;43,21;-5,8;133;Soil.Uy;35,979;
Fenomarker_6;43,21;-5,8;140;Soil.Uy;25,019;
Fenomarker_6;43,21;-5,8;148;Soil.Uy;16,537;
Fenomarker_6;43,21;-5,8;159;Soil.Uy;24,132;
Zaakbaak_004;1,39;-5,8;6;Soil.Uy;0,031;
Zaakbaak_004;1,39;-5,8;13;Soil.Uy;0,038;
Zaakbaak_004;1,39;-5,8;21;Soil.Uy;0,049;
Zaakbaak_004;1,39;-5,8;26;Soil.Uy;0,068;
Zaakbaak_004;1,39;-5,8;33;Soil.Uy;0,132;
Zaakbaak_004;1,39;-5,8;40;Soil.Uy;0,191;
Zaakbaak_004;1,39;-5,8;46;Soil.Uy;0,212;
Zaakbaak_004;1,39;-5,8;56;Soil.Uy;0,289;
Zaakbaak_004;1,39;-5,8;61;Soil.Uy;0,309;
Zaakbaak_004;1,39;-5,8;82;Soil.Uy;0,441;
Zaakbaak_004;1,39;-5,8;89;Soil.Uy;0,451;
Zaakbaak_004;1,39;-5,8;98;Soil.Uy;0,490;
Zaakbaak_004;1,39;-5,8;105;Soil.Uy;0,523;
Zaakbaak_004;1,39;-5,8;113;Soil.Uy;0,686;
Zaakbaak_004;1,39;-5,8;123;Soil.Uy;0,795;
Zaakbaak_004;1,39;-5,8;133;Soil.Uy;0,893;
Zaakbaak_004;1,39;-5,8;140;Soil.Uy;0,939;
Zaakbaak_004;1,39;-5,8;148;Soil.Uy;1,002;
Zaakbaak_004;1,39;-5,8;159;Soil.Uy;1,031;
Zaakbaak_004;1,39;-5,8;175;Soil.Uy;1,088;
Zaakbaak_004;1,39;-5,8;189;Soil.Uy;1,129;
Zaakbaak_004;1,39;-5,8;197;Soil.Uy;1,143;
IC4_-6,3;24,39;-6,3;20;Soil.Ux;7,890;IC4_-11,8
IC4_-6,3;24,39;-6,3;27;Soil.Ux;14,060;IC4_-11,8
IC4_-6,3;24,39;-6,3;34;Soil.Ux;20,780;IC4_-11,8
IC4_-6,3;24,39;-6,3;41;Soil.Ux;26,380;IC4_-11,8
IC4_-6,3;24,39;-6,3;48;Soil.Ux;36,230;IC4_-11,8
IC4_-6,3;24,39;-6,3;55;Soil.Ux;36,840;IC4_-11,8
IC4_-6,3;24,39;-6,3;62;Soil.Ux;40,270;IC4_-11,8
IC4_-6,3;24,39;-6,3;69;Soil.Ux;41,960;IC4_-11,8
IC4_-6,3;24,39;-6,3;76;Soil.Ux;41,800;IC4_-11,8
IC4_-6,3;24,39;-6,3;83;Soil.Ux;41,570;IC4_-11,8
IC4_-6,3;24,39;-6,3;90;Soil.Ux;41,690;IC4_-11,8
IC4_-6,3;24,39;-6,3;97;Soil.Ux;42,470;IC4_-11,8
IC4_-6,3;24,39;-6,3;104;Soil.Ux;43,870;IC4_-11,8
IC4_-6,3;24,39;-6,3;111;Soil.Ux;44,150;IC4_-11,8
IC4_-6,3;24,39;-6,3;118;Soil.Ux;47,470;IC4_-11,8
IC4_-6,3;24,39;-6,3;125;Soil.Ux;51,060;IC4_-11,8
IC4_-6,3;24,39;-6,3;132;Soil.Ux;50,560;IC4_-11,8
IC4_-6,3;24,39;-6,3;138;Soil.Ux;51,570;IC4_-11,8
IC4_-6,3;24,39;-6,3;146;Soil.Ux;51,720;IC4_-11,8
IC4_-6,3;24,39;-6,3;153;Soil.Ux;52,110;IC4_-11,8
IC4_-6,3;24,39;-6,3;160;Soil.Ux;52,010;IC4_-11,8
IC4_-6,3;24,39;-6,3;167;Soil.Ux;52,400;IC4_-11,8
IC4_-6,3;24,39;-6,3;174;Soil.Ux;51,970;IC4_-11,8
IC4_-7,3;24,39;-7,3;20;Soil.Ux;9,860;IC4_-11,8
IC4_-7,3;24,39;-7,3;27;Soil.Ux;15,830;IC4_-11,8
IC4_-7,3;24,39;-7,3;34;Soil.Ux;23,040;IC4_-11,8
IC4_-7,3;24,39;-7,3;41;Soil.Ux;29,130;IC4_-11,8
IC4_-7,3;24,39;-7,3;48;Soil.Ux;39,250;IC4_-11,8
IC4_-7,3;24,39;-7,3;55;Soil.Ux;42,790;IC4_-11,8
IC4_-7,3;24,39;-7,3;62;Soil.Ux;48,270;IC4_-11,8
IC4_-7,3;24,39;-7,3;69;Soil.Ux;52,290;IC4_-11,8
IC4_-7,3;24,39;-7,3;76;Soil.Ux;53,660;IC4_-11,8
IC4_-7,3;24,39;-7,3;83;Soil.Ux;54,710;IC4_-11,8
IC4_-7,3;24,39;-7,3;90;Soil.Ux;56,100;IC4_-11,8
IC4_-7,3;24,39;-7,3;97;Soil.Ux;57,660;IC4_-11,8
IC4_-7,3;24,39;-7,3;104;Soil.Ux;60,400;IC4_-11,8
IC4_-7,3;24,39;-7,3;111;Soil.Ux;61,700;IC4_-11,8
IC4_-7,3;24,39;-7,3;118;Soil.Ux;67,040;IC4_-11,8
IC4_-7,3;24,39;-7,3;125;Soil.Ux;71,980;IC4_-11,8
IC4_-7,3;24,39;-7,3;132;Soil.Ux;73,000;IC4_-11,8
IC4_-7,3;24,39;-7,3;138;Soil.Ux;75,090;IC4_-11,8
IC4_-7,3;24,39;-7,3;146;Soil.Ux;76,610;IC4_-11,8
IC4_-7,3;24,39;-7,3;153;Soil.Ux;78,050;IC4_-11,8
IC4_-7,3;24,39;-7,3;160;Soil.Ux;78,980;IC4_-11,8
IC4_-7,3;24,39;-7,3;167;Soil.Ux;80,180;IC4_-11,8
IC4_-7,3;24,39;-7,3;174;Soil.Ux;80,910;IC4_-11,8
IC4_-8,3;24,39;-8,3;20;Soil.Ux;8,420;IC4_-11,8
IC4_-8.3;24,39;-8,3;27;Soil.Ux;12,660;IC4_-11,8
IC4_-8,3;24,39;-8,3;34;Soil.Ux;17,740;IC4_-11,8
IC4_-8.3;24,39;-8,3;41;Soil.Ux;22,410;IC4_-11,8
IC4_-8,3;24,39;-8,3;48;Soil.Ux;30,070;IC4_-11,8
IC4_-8.3;24,39;-8,3;55;Soil.Ux;32,600;IC4_-11,8
IC4_-8,3;24,39;-8,3;62;Soil.Ux;37,270;IC4_-11,8
IC4_-8.3;24,39;-8,3;69;Soil.Ux;40,750;IC4_-11,8
IC4_-8,3;24,39;-8,3;76;Soil.Ux;41,960;IC4_-11,8
IC4_-8.3;24,39;-8,3;83;Soil.Ux;42,890;IC4_-11,8
IC4_-8,3;24,39;-8,3;90;Soil.Ux;44,460;IC4_-11,8
IC4_-8.3;24,39;-8,3;97;Soil.Ux;46,010;IC4_-11,8
IC4_-8,3;24,39;-8,3;104;Soil.Ux;48,710;IC4_-11,8
IC4_-8.3;24,39;-8,3;111;Soil.Ux;50,060;IC4_-11,8
IC4_-8,3;24,39;-8,3;118;Soil.Ux;54,990;IC4_-11,8
IC4_-8.3;24,39;-8,3;125;Soil.Ux;60,200;IC4_-11,8
IC4_-8,3;24,39;-8,3;132;Soil.Ux;61,870;IC4_-11,8
IC4_-8.3;24,39;-8,3;138;Soil.Ux;64,120;IC4_-11,8
IC4_-8,3;24,39;-8,3;146;Soil.Ux;65,940;IC4_-11,8
IC4_-8.3;24,39;-8,3;153;Soil.Ux;67,730;IC4_-11,8
IC4_-8,3;24,39;-8,3;160;Soil.Ux;69,160;IC4_-11,8
IC4_-8.3;24,39;-8,3;167;Soil.Ux;70,600;IC4_-11,8
IC4_-8,3;24,39;-8,3;174;Soil.Ux;71,760;IC4_-11,8
IC4_-9,3;24,39;-9,3;20;Soil.Ux;7,280;IC4_-11,8
IC4_-9,3;24,39;-9,3;27;Soil.Ux;9,920;IC4_-11,8
IC4_-9,3;24,39;-9,3;34;Soil.Ux;13,000;IC4_-11,8
IC4_-9,3;24,39;-9,3;41;Soil.Ux;15,550;IC4_-11,8
IC4_-9,3;24,39;-9,3;48;Soil.Ux;19,620;IC4_-11,8
IC4_-9,3;24,39;-9,3;55;Soil.Ux;19,680;IC4_-11,8
IC4_-9,3;24,39;-9,3;62;Soil.Ux;21,560;IC4_-11,8
IC4_-9,3;24,39;-9,3;69;Soil.Ux;22,730;IC4_-11,8
IC4_-9,3;24,39;-9,3;76;Soil.Ux;22,730;IC4_-11,8
IC4_-9,3;24,39;-9,3;83;Soil.Ux;22,850;IC4_-11,8
IC4_-9,3;24,39;-9,3;90;Soil.Ux;23,600;IC4_-11,8
IC4_-9,3;24,39;-9,3;97;Soil.Ux;24,280;IC4_-11,8
IC4_-9,3;24,39;-9,3;104;Soil.Ux;25,590;IC4_-11,8
IC4_-9,3;24,39;-9,3;111;Soil.Ux;26,120;IC4_-11,8
IC4_-9,3;24,39;-9,3;118;Soil.Ux;28,840;IC4_-11,8
IC4_-9,3;24,39;-9,3;125;Soil.Ux;31,720;IC4_-11,8
IC4_-9,3;24,39;-9,3;132;Soil.Ux;32,400;IC4_-11,8
IC4_-9,3;24,39;-9,3;138;Soil.Ux;33,420;IC4_-11,8
IC4_-9,3;24,39;-9,3;146;Soil.Ux;34,260;IC4_-11,8
IC4_-9,3;24,39;-9,3;153;Soil.Ux;35,070;IC4_-11,8
IC4_-9,3;24,39;-9,3;160;Soil.Ux;35,860;IC4_-11,8
IC4_-9,3;24,39;-9,3;167;Soil.Ux;36,700;IC4_-11,8
IC4_-9,3;24,39;-9,3;174;Soil.Ux;37,350;IC4_-11,8
IC4_-10,3;24,39;-10,3;20;Soil.Ux;5,210;IC4_-11,8
IC4_-10,3;24,39;-10,3;27;Soil.Ux;6,840;IC4_-11,8
IC4_-10,3;24,39;-10,3;34;Soil.Ux;8,760;IC4_-11,8
IC4_-10,3;24,39;-10,3;41;Soil.Ux;10,160;IC4_-11,8
IC4_-10,3;24,39;-10,3;48;Soil.Ux;12,240;IC4_-11,8
IC4_-10,3;24,39;-10,3;55;Soil.Ux;11,810;IC4_-11,8
IC4_-10,3;24,39;-10,3;62;Soil.Ux;12,330;IC4_-11,8
IC4_-10,3;24,39;-10,3;69;Soil.Ux;12,450;IC4_-11,8
IC4_-10,3;24,39;-10,3;76;Soil.Ux;12,260;IC4_-11,8
IC4_-10,3;24,39;-10,3;83;Soil.Ux;12,140;IC4_-11,8
IC4_-10,3;24,39;-10,3;90;Soil.Ux;12,530;IC4_-11,8
IC4_-10,3;24,39;-10,3;97;Soil.Ux;12,630;IC4_-11,8
IC4_-10,3;24,39;-10,3;104;Soil.Ux;13,060;IC4_-11,8
IC4_-10,3;24,39;-10,3;111;Soil.Ux;13,020;IC4_-11,8
IC4_-10,3;24,39;-10,3;118;Soil.Ux;14,090;IC4_-11,8
IC4_-10,3;24,39;-10,3;125;Soil.Ux;14,830;IC4_-11,8
IC4_-10,3;24,39;-10,3;132;Soil.Ux;14,740;IC4_-11,8
IC4_-10,3;24,39;-10,3;138;Soil.Ux;14,980;IC4_-11,8
IC4_-10,3;24,39;-10,3;146;Soil.Ux;14,960;IC4_-11,8
IC4_-10,3;24,39;-10,3;153;Soil.Ux;15,000;IC4_-11,8
IC4_-10,3;24,39;-10,3;160;Soil.Ux;15,080;IC4_-11,8
IC4_-10,3;24,39;-10,3;167;Soil.Ux;15,150;IC4_-11,8
IC4_-10,3;24,39;-10,3;174;Soil.Ux;15,120;IC4_-11,8
IC4_-11,3;24,39;-11,3;20;Soil.Ux;2,280;IC4_-11,8
IC4_-11,3;24,39;-11,3;27;Soil.Ux;2,980;IC4_-11,8
IC4_-11,3;24,39;-11,3;34;Soil.Ux;4,060;IC4_-11,8
IC4_-11,3;24,39;-11,3;41;Soil.Ux;4,860;IC4_-11,8
IC4_-11,3;24,39;-11,3;48;Soil.Ux;6,050;IC4_-11,8
IC4_-11,3;24,39;-11,3;55;Soil.Ux;6,120;IC4_-11,8
IC4_-11,3;24,39;-11,3;62;Soil.Ux;6,490;IC4_-11,8
IC4_-11,3;24,39;-11,3;69;Soil.Ux;6,690;IC4_-11,8
IC4_-11,3;24,39;-11,3;76;Soil.Ux;6,750;IC4_-11,8
IC4_-11,3;24,39;-11,3;83;Soil.Ux;6,800;IC4_-11,8
IC4_-11,3;24,39;-11,3;90;Soil.Ux;7,250;IC4_-11,8
IC4_-11,3;24,39;-11,3;97;Soil.Ux;7,090;IC4_-11,8
IC4_-11,3;24,39;-11,3;104;Soil.Ux;7,400;IC4_-11,8
IC4_-11,3;24,39;-11,3;111;Soil.Ux;7,470;IC4_-11,8
IC4_-11,3;24,39;-11,3;118;Soil.Ux;8,160;IC4_-11,8
IC4_-11,3;24,39;-11,3;125;Soil.Ux;8,760;IC4_-11,8
IC4_-11,3;24,39;-11,3;132;Soil.Ux;8,860;IC4_-11,8
IC4_-11,3;24,39;-11,3;138;Soil.Ux;9,000;IC4_-11,8
IC4_-11,3;24,39;-11,3;146;Soil.Ux;9,110;IC4_-11,8
IC4_-11,3;24,39;-11,3;153;Soil.Ux;9,180;IC4_-11,8
IC4_-11,3;24,39;-11,3;160;Soil.Ux;9,330;IC4_-11,8
IC4_-11,3;24,39;-11,3;167;Soil.Ux;9,400;IC4_-11,8
IC4_-11,3;24,39;-11,3;174;Soil.Ux;9,440;IC4_-11,8
IC3_-6,3;29,36;-6,3;20;Soil.Ux;4,000;IC3_-11,8
IC3_-6,3;29,36;-6,3;27;Soil.Ux;;IC3_-11,8
IC3_-6,3;29,36;-6,3;34;Soil.Ux;8,850;IC3_-11,8
IC3_-6,3;29,36;-6,3;41;Soil.Ux;12,460;IC3_-11,8
IC3_-6,3;29,36;-6,3;48;Soil.Ux;19,230;IC3_-11,8
IC3_-6,3;29,36;-6,3;55;Soil.Ux;20,760;IC3_-11,8
IC3_-6,3;29,36;-6,3;62;Soil.Ux;22,750;IC3_-11,8
IC3_-6,3;29,36;-6,3;69;Soil.Ux;24,830;IC3_-11,8
IC3_-6,3;29,36;-6,3;76;Soil.Ux;25,110;IC3_-11,8
IC3_-6,3;29,36;-6,3;83;Soil.Ux;25,370;IC3_-11,8
IC3_-6,3;29,36;-6,3;90;Soil.Ux;25,300;IC3_-11,8
IC3_-6,3;29,36;-6,3;97;Soil.Ux;26,450;IC3_-11,8
IC3_-6,3;29,36;-6,3;104;Soil.Ux;27,850;IC3_-11,8
IC3_-6,3;29,36;-6,3;111;Soil.Ux;28,260;IC3_-11,8
IC3_-6,3;29,36;-6,3;118;Soil.Ux;32,690;IC3_-11,8
IC3_-6,3;29,36;-6,3;125;Soil.Ux;39,530;IC3_-11,8
IC3_-6,3;29,36;-6,3;132;Soil.Ux;40,650;IC3_-11,8
IC3_-6,3;29,36;-6,3;138;Soil.Ux;41,290;IC3_-11,8
IC3_-6,3;29,36;-6,3;146;Soil.Ux;41,650;IC3_-11,8
IC3_-6,3;29,36;-6,3;153;Soil.Ux;41,890;IC3_-11,8
IC3_-6,3;29,36;-6,3;160;Soil.Ux;42,580;IC3_-11,8
IC3_-6,3;29,36;-6,3;167;Soil.Ux;42,810;IC3_-11,8
IC3_-6,3;29,36;-6,3;174;Soil.Ux;42,940;IC3_-11,8
IC3_-7,3;29,36;-7,3;20;Soil.Ux;4,130;IC3_-11,8
IC3_-7,3;29,36;-7,3;27;Soil.Ux;;IC3_-11,8
IC3_-7,3;29,36;-7,3;34;Soil.Ux;8,800;IC3_-11,8
IC3_-7,3;29,36;-7,3;41;Soil.Ux;11,980;IC3_-11,8
IC3_-7,3;29,36;-7,3;48;Soil.Ux;17,780;IC3_-11,8
IC3_-7,3;29,36;-7,3;55;Soil.Ux;18,690;IC3_-11,8
IC3_-7,3;29,36;-7,3;62;Soil.Ux;20,700;IC3_-11,8
IC3_-7,3;29,36;-7,3;69;Soil.Ux;22,000;IC3_-11,8
IC3_-7,3;29,36;-7,3;76;Soil.Ux;21,960;IC3_-11,8
IC3_-7,3;29,36;-7,3;83;Soil.Ux;22,050;IC3_-11,8
IC3_-7,3;29,36;-7,3;90;Soil.Ux;21,860;IC3_-11,8
IC3_-7,3;29,36;-7,3;97;Soil.Ux;22,690;IC3_-11,8
IC3_-7,3;29,36;-7,3;104;Soil.Ux;23,970;IC3_-11,8
IC3_-7,3;29,36;-7,3;111;Soil.Ux;24,290;IC3_-11,8
IC3_-7,3;29,36;-7,3;118;Soil.Ux;27,690;IC3_-11,8
IC3_-7,3;29,36;-7,3;125;Soil.Ux;33,030;IC3_-11,8
IC3_-7,3;29,36;-7,3;132;Soil.Ux;33,930;IC3_-11,8
IC3_-7,3;29,36;-7,3;138;Soil.Ux;34,470;IC3_-11,8
IC3_-7,3;29,36;-7,3;146;Soil.Ux;34,700;IC3_-11,8
IC3_-7,3;29,36;-7,3;153;Soil.Ux;34,880;IC3_-11,8
IC3_-7,3;29,36;-7,3;160;Soil.Ux;35,520;IC3_-11,8
IC3_-7,3;29,36;-7,3;167;Soil.Ux;35,690;IC3_-11,8
IC3_-7,3;29,36;-7,3;174;Soil.Ux;35,830;IC3_-11,8
IC3_-8,3;29,36;-8,3;20;Soil.Ux;3,980;IC3_-11,8
IC3_-8,3;29,36;-8,3;27;Soil.Ux;;IC3_-11,8
IC3_-8,3;29,36;-8,3;34;Soil.Ux;8,250;IC3_-11,8
IC3_-8,3;29,36;-8,3;41;Soil.Ux;11,120;IC3_-11,8
IC3_-8,3;29,36;-8,3;48;Soil.Ux;16,180;IC3_-11,8
IC3_-8,3;29,36;-8,3;55;Soil.Ux;17,000;IC3_-11,8
IC3_-8,3;29,36;-8,3;62;Soil.Ux;18,730;IC3_-11,8
IC3_-8,3;29,36;-8,3;69;Soil.Ux;19,840;IC3_-11,8
IC3_-8,3;29,36;-8,3;76;Soil.Ux;19,770;IC3_-11,8
IC3_-8,3;29,36;-8,3;83;Soil.Ux;19,800;IC3_-11,8
IC3_-8,3;29,36;-8,3;90;Soil.Ux;19,660;IC3_-11,8
IC3_-8,3;29,36;-8,3;97;Soil.Ux;20,360;IC3_-11,8
IC3_-8,3;29,36;-8,3;104;Soil.Ux;21,480;IC3_-11,8
IC3_-8,3;29,36;-8,3;111;Soil.Ux;21,770;IC3_-11,8
IC3_-8,3;29,36;-8,3;118;Soil.Ux;24,620;IC3_-11,8
IC3_-8,3;29,36;-8,3;125;Soil.Ux;29,270;IC3_-11,8
IC3_-8,3;29,36;-8,3;132;Soil.Ux;30,090;IC3_-11,8
IC3_-8,3;29,36;-8,3;138;Soil.Ux;30,600;IC3_-11,8
IC3_-8,3;29,36;-8,3;146;Soil.Ux;30,780;IC3_-11,8
IC3_-8,3;29,36;-8,3;153;Soil.Ux;30,840;IC3_-11,8
IC3_-8,3;29,36;-8,3;160;Soil.Ux;31,500;IC3_-11,8
IC3_-8,3;29,36;-8,3;167;Soil.Ux;31,670;IC3_-11,8
IC3_-8,3;29,36;-8,3;174;Soil.Ux;31,800;IC3_-11,8
IC3_-9,3;29,36;-9,3;20;Soil.Ux;3,450;IC3_-11,8
IC3_-9,3;29,36;-9,3;27;Soil.Ux;;IC3_-11,8
IC3_-9,3;29,36;-9,3;34;Soil.Ux;6,850;IC3_-11,8
IC3_-9,3;29,36;-9,3;41;Soil.Ux;9,010;IC3_-11,8
IC3_-9,3;29,36;-9,3;48;Soil.Ux;12,690;IC3_-11,8
IC3_-9,3;29,36;-9,3;55;Soil.Ux;13,340;IC3_-11,8
IC3_-9,3;29,36;-9,3;62;Soil.Ux;14,690;IC3_-11,8
IC3_-9,3;29,36;-9,3;69;Soil.Ux;15,350;IC3_-11,8
IC3_-9,3;29,36;-9,3;76;Soil.Ux;15,270;IC3_-11,8
IC3_-9,3;29,36;-9,3;83;Soil.Ux;15,230;IC3_-11,8
IC3_-9,3;29,36;-9,3;90;Soil.Ux;15,130;IC3_-11,8
IC3_-9,3;29,36;-9,3;97;Soil.Ux;15,660;IC3_-11,8
IC3_-9,3;29,36;-9,3;104;Soil.Ux;16,500;IC3_-11,8
IC3_-9,3;29,36;-9,3;111;Soil.Ux;16,820;IC3_-11,8
IC3_-9,3;29,36;-9,3;118;Soil.Ux;18,820;IC3_-11,8
IC3_-9,3;29,36;-9,3;125;Soil.Ux;22,110;IC3_-11,8
IC3_-9,3;29,36;-9,3;132;Soil.Ux;22,640;IC3_-11,8
IC3_-9,3;29,36;-9,3;138;Soil.Ux;23,030;IC3_-11,8
IC3_-9,3;29,36;-9,3;146;Soil.Ux;23,230;IC3_-11,8
IC3_-9,3;29,36;-9,3;153;Soil.Ux;23,130;IC3_-11,8
IC3_-9,3;29,36;-9,3;160;Soil.Ux;23,730;IC3_-11,8
IC3_-9,3;29,36;-9,3;167;Soil.Ux;23,840;IC3_-11,8
IC3_-9,3;29,36;-9,3;174;Soil.Ux;23,990;IC3_-11,8
IC3_-10,3;29,36;-10,3;20;Soil.Ux;2,160;IC3_-11,8
IC3_-10,3;29,36;-10,3;27;Soil.Ux;;IC3_-11,8
IC3_-10,3;29,36;-10,3;34;Soil.Ux;4,530;IC3_-11,8
IC3_-10,3;29,36;-10,3;41;Soil.Ux;6,060;IC3_-11,8
IC3_-10,3;29,36;-10,3;48;Soil.Ux;8,670;IC3_-11,8
IC3_-10,3;29,36;-10,3;55;Soil.Ux;9,350;IC3_-11,8
IC3_-10,3;29,36;-10,3;62;Soil.Ux;10,480;IC3_-11,8
IC3_-10,3;29,36;-10,3;69;Soil.Ux;11,170;IC3_-11,8
IC3_-10,3;29,36;-10,3;76;Soil.Ux;11,150;IC3_-11,8
IC3_-10,3;29,36;-10,3;83;Soil.Ux;11,130;IC3_-11,8
IC3_-10,3;29,36;-10,3;90;Soil.Ux;11,110;IC3_-11,8
IC3_-10,3;29,36;-10,3;97;Soil.Ux;11,430;IC3_-11,8
IC3_-10,3;29,36;-10,3;104;Soil.Ux;12,120;IC3_-11,8
IC3_-10,3;29,36;-10,3;111;Soil.Ux;12,360;IC3_-11,8
IC3_-10,3;29,36;-10,3;118;Soil.Ux;13,900;IC3_-11,8
IC3_-10,3;29,36;-10,3;125;Soil.Ux;16,550;IC3_-11,8
IC3_-10,3;29,36;-10,3;132;Soil.Ux;17,140;IC3_-11,8
IC3_-10,3;29,36;-10,3;138;Soil.Ux;17,470;IC3_-11,8
IC3_-10,3;29,36;-10,3;146;Soil.Ux;17,610;IC3_-11,8
IC3_-10,3;29,36;-10,3;153;Soil.Ux;17,440;IC3_-11,8
IC3_-10,3;29,36;-10,3;160;Soil.Ux;18,020;IC3_-11,8
IC3_-10,3;29,36;-10,3;167;Soil.Ux;18,130;IC3_-11,8
IC3_-10,3;29,36;-10,3;174;Soil.Ux;18,270;IC3_-11,8
IC3_-11,3;29,36;-11,3;20;Soil.Ux;0,790;IC3_-11,8
IC3_-11,3;29,36;-11,3;27;Soil.Ux;;IC3_-11,8
IC3_-11,3;29,36;-11,3;34;Soil.Ux;1,740;IC3_-11,8
IC3_-11,3;29,36;-11,3;41;Soil.Ux;2,370;IC3_-11,8
IC3_-11,3;29,36;-11,3;48;Soil.Ux;3,480;IC3_-11,8
IC3_-11,3;29,36;-11,3;55;Soil.Ux;3,890;IC3_-11,8
IC3_-11,3;29,36;-11,3;62;Soil.Ux;4,470;IC3_-11,8
IC3_-11,3;29,36;-11,3;69;Soil.Ux;4,840;IC3_-11,8
IC3_-11,3;29,36;-11,3;76;Soil.Ux;4,840;IC3_-11,8
IC3_-11,3;29,36;-11,3;83;Soil.Ux;4,820;IC3_-11,8
IC3_-11,3;29,36;-11,3;90;Soil.Ux;4,820;IC3_-11,8
IC3_-11,3;29,36;-11,3;97;Soil.Ux;4,940;IC3_-11,8
IC3_-11,3;29,36;-11,3;104;Soil.Ux;5,290;IC3_-11,8
IC3_-11,3;29,36;-11,3;111;Soil.Ux;5,420;IC3_-11,8
IC3_-11,3;29,36;-11,3;118;Soil.Ux;6,170;IC3_-11,8
IC3_-11,3;29,36;-11,3;125;Soil.Ux;7,560;IC3_-11,8
IC3_-11,3;29,36;-11,3;132;Soil.Ux;7,920;IC3_-11,8
IC3_-11,3;29,36;-11,3;138;Soil.Ux;8,070;IC3_-11,8
IC3_-11,3;29,36;-11,3;146;Soil.Ux;8,150;IC3_-11,8
IC3_-11,3;29,36;-11,3;153;Soil.Ux;8,120;IC3_-11,8
IC3_-11,3;29,36;-11,3;160;Soil.Ux;8,330;IC3_-11,8
IC3_-11,3;29,36;-11,3;167;Soil.Ux;8,400;IC3_-11,8
IC3_-11,3;29,36;-11,3;174;Soil.Ux;8,450;IC3_-11,8
IC2_-6,3;34,32;-6,3;20;Soil.Ux;3,580;IC2_-11,8
IC2_-6,3;34,32;-6,3;27;Soil.Ux;5,390;IC2_-11,8
IC2_-6,3;34,32;-6,3;34;Soil.Ux;7,530;IC2_-11,8
IC2_-6,3;34,32;-6,3;41;Soil.Ux;9,690;IC2_-11,8
IC2_-6,3;34,32;-6,3;48;Soil.Ux;13,910;IC2_-11,8
IC2_-6,3;34,32;-6,3;55;Soil.Ux;15,530;IC2_-11,8
IC2_-6,3;34,32;-6,3;62;Soil.Ux;17,450;IC2_-11,8
IC2_-6,3;34,32;-6,3;69;Soil.Ux;18,750;IC2_-11,8
IC2_-6,3;34,32;-6,3;76;Soil.Ux;18,830;IC2_-11,8
IC2_-6,3;34,32;-6,3;83;Soil.Ux;18,660;IC2_-11,8
IC2_-6,3;34,32;-6,3;90;Soil.Ux;18,660;IC2_-11,8
IC2_-6,3;34,32;-6,3;97;Soil.Ux;19,350;IC2_-11,8
IC2_-6,3;34,32;-6,3;104;Soil.Ux;20,180;IC2_-11,8
IC2_-6,3;34,32;-6,3;111;Soil.Ux;20,880;IC2_-11,8
IC2_-6,3;34,32;-6,3;118;Soil.Ux;23,800;IC2_-11,8
IC2_-6,3;34,32;-6,3;125;Soil.Ux;30,130;IC2_-11,8
IC2_-6,3;34,32;-6,3;132;Soil.Ux;31,080;IC2_-11,8
IC2_-6,3;34,32;-6,3;138;Soil.Ux;31,810;IC2_-11,8
IC2_-6,3;34,32;-6,3;146;Soil.Ux;32,280;IC2_-11,8
IC2_-6,3;34,32;-6,3;153;Soil.Ux;32,560;IC2_-11,8
IC2_-6,3;34,32;-6,3;160;Soil.Ux;32,360;IC2_-11,8
IC2_-6,3;34,32;-6,3;167;Soil.Ux;32,700;IC2_-11,8
IC2_-6,3;34,32;-6,3;174;Soil.Ux;33,000;IC2_-11,8
IC2_-7,3;34,32;-7,3;20;Soil.Ux;2,480;IC2_-11,8
IC2_-7,3;34,32;-7,3;27;Soil.Ux;3,380;IC2_-11,8
IC2_-7,3;34,32;-7,3;34;Soil.Ux;5,210;IC2_-11,8
IC2_-7,3;34,32;-7,3;41;Soil.Ux;7,360;IC2_-11,8
IC2_-7,3;34,32;-7,3;48;Soil.Ux;11,210;IC2_-11,8
IC2_-7,3;34,32;-7,3;55;Soil.Ux;12,770;IC2_-11,8
IC2_-7,3;34,32;-7,3;62;Soil.Ux;14,280;IC2_-11,8
IC2_-7,3;34,32;-7,3;69;Soil.Ux;15,780;IC2_-11,8
IC2_-7,3;34,32;-7,3;76;Soil.Ux;16,240;IC2_-11,8
IC2_-7,3;34,32;-7,3;83;Soil.Ux;16,300;IC2_-11,8
IC2_-7,3;34,32;-7,3;90;Soil.Ux;16,430;IC2_-11,8
IC2_-7,3;34,32;-7,3;97;Soil.Ux;17,000;IC2_-11,8
IC2_-7,3;34,32;-7,3;104;Soil.Ux;17,960;IC2_-11,8
IC2_-7,3;34,32;-7,3;111;Soil.Ux;18,620;IC2_-11,8
IC2_-7,3;34,32;-7,3;118;Soil.Ux;21,360;IC2_-11,8
IC2_-7,3;34,32;-7,3;125;Soil.Ux;27,120;IC2_-11,8
IC2_-7,3;34,32;-7,3;132;Soil.Ux;28,030;IC2_-11,8
IC2_-7,3;34,32;-7,3;138;Soil.Ux;28,660;IC2_-11,8
IC2_-7,3;34,32;-7,3;146;Soil.Ux;29,040;IC2_-11,8
IC2_-7,3;34,32;-7,3;153;Soil.Ux;29,370;IC2_-11,8
IC2_-7,3;34,32;-7,3;160;Soil.Ux;29,200;IC2_-11,8
IC2_-7,3;34,32;-7,3;167;Soil.Ux;29,570;IC2_-11,8
IC2_-7,3;34,32;-7,3;174;Soil.Ux;29,790;IC2_-11,8
IC2_-8,3;34,32;-8,3;20;Soil.Ux;2,220;IC2_-11,8
IC2_-8,3;34,32;-8,3;27;Soil.Ux;2,950;IC2_-11,8
IC2_-8,3;34,32;-8,3;34;Soil.Ux;4,460;IC2_-11,8
IC2_-8,3;34,32;-8,3;41;Soil.Ux;6,240;IC2_-11,8
IC2_-8,3;34,32;-8,3;48;Soil.Ux;9,400;IC2_-11,8
IC2_-8,3;34,32;-8,3;55;Soil.Ux;10,740;IC2_-11,8
IC2_-8,3;34,32;-8,3;62;Soil.Ux;11,960;IC2_-11,8
IC2_-8,3;34,32;-8,3;69;Soil.Ux;13,150;IC2_-11,8
IC2_-8,3;34,32;-8,3;76;Soil.Ux;13,530;IC2_-11,8
IC2_-8,3;34,32;-8,3;83;Soil.Ux;13,560;IC2_-11,8
IC2_-8,3;34,32;-8,3;90;Soil.Ux;13,700;IC2_-11,8
IC2_-8,3;34,32;-8,3;97;Soil.Ux;14,190;IC2_-11,8
IC2_-8,3;34,32;-8,3;104;Soil.Ux;15,080;IC2_-11,8
IC2_-8,3;34,32;-8,3;111;Soil.Ux;15,600;IC2_-11,8
IC2_-8,3;34,32;-8,3;118;Soil.Ux;17,960;IC2_-11,8
IC2_-8,3;34,32;-8,3;125;Soil.Ux;22,810;IC2_-11,8
IC2_-8,3;34,32;-8,3;132;Soil.Ux;23,520;IC2_-11,8
IC2_-8,3;34,32;-8,3;138;Soil.Ux;24,030;IC2_-11,8
IC2_-8,3;34,32;-8,3;146;Soil.Ux;24,370;IC2_-11,8
IC2_-8,3;34,32;-8,3;153;Soil.Ux;24,620;IC2_-11,8
IC2_-8,3;34,32;-8,3;160;Soil.Ux;24,450;IC2_-11,8
IC2_-8,3;34,32;-8,3;167;Soil.Ux;24,740;IC2_-11,8
IC2_-8,3;34,32;-8,3;174;Soil.Ux;24,940;IC2_-11,8
IC2_-9,3;34,32;-9,3;20;Soil.Ux;1,960;IC2_-11,8
IC2_-9,3;34,32;-9,3;27;Soil.Ux;2,630;IC2_-11,8
IC2_-9,3;34,32;-9,3;34;Soil.Ux;3,800;IC2_-11,8
IC2_-9,3;34,32;-9,3;41;Soil.Ux;5,260;IC2_-11,8
IC2_-9,3;34,32;-9,3;48;Soil.Ux;7,820;IC2_-11,8
IC2_-9,3;34,32;-9,3;55;Soil.Ux;8,900;IC2_-11,8
IC2_-9,3;34,32;-9,3;62;Soil.Ux;9,870;IC2_-11,8
IC2_-9,3;34,32;-9,3;69;Soil.Ux;10,800;IC2_-11,8
IC2_-9,3;34,32;-9,3;76;Soil.Ux;11,050;IC2_-11,8
IC2_-9,3;34,32;-9,3;83;Soil.Ux;11,020;IC2_-11,8
IC2_-9,3;34,32;-9,3;90;Soil.Ux;11,160;IC2_-11,8
IC2_-9,3;34,32;-9,3;97;Soil.Ux;11,560;IC2_-11,8
IC2_-9,3;34,32;-9,3;104;Soil.Ux;12,310;IC2_-11,8
IC2_-9,3;34,32;-9,3;111;Soil.Ux;12,740;IC2_-11,8
IC2_-9,3;34,32;-9,3;118;Soil.Ux;14,700;IC2_-11,8
IC2_-9,3;34,32;-9,3;125;Soil.Ux;18,570;IC2_-11,8
IC2_-9,3;34,32;-9,3;132;Soil.Ux;19,150;IC2_-11,8
IC2_-9,3;34,32;-9,3;138;Soil.Ux;19,510;IC2_-11,8
IC2_-9,3;34,32;-9,3;146;Soil.Ux;19,790;IC2_-11,8
IC2_-9,3;34,32;-9,3;153;Soil.Ux;20,010;IC2_-11,8
IC2_-9,3;34,32;-9,3;160;Soil.Ux;19,880;IC2_-11,8
IC2_-9,3;34,32;-9,3;167;Soil.Ux;20,040;IC2_-11,8
IC2_-9,3;34,32;-9,3;174;Soil.Ux;20,200;IC2_-11,8
IC2_-10,3;34,32;-10,3;20;Soil.Ux;1,180;IC2_-11,8
IC2_-10,3;34,32;-10,3;27;Soil.Ux;1,640;IC2_-11,8
IC2_-10,3;34,32;-10,3;34;Soil.Ux;2,370;IC2_-11,8
IC2_-10,3;34,32;-10,3;41;Soil.Ux;3,310;IC2_-11,8
IC2_-10,3;34,32;-10,3;48;Soil.Ux;4,950;IC2_-11,8
IC2_-10,3;34,32;-10,3;55;Soil.Ux;5,740;IC2_-11,8
IC2_-10,3;34,32;-10,3;62;Soil.Ux;6,400;IC2_-11,8
IC2_-10,3;34,32;-10,3;69;Soil.Ux;7,150;IC2_-11,8
IC2_-10,3;34,32;-10,3;76;Soil.Ux;7,330;IC2_-11,8
IC2_-10,3;34,32;-10,3;83;Soil.Ux;7,300;IC2_-11,8
IC2_-10,3;34,32;-10,3;90;Soil.Ux;7,440;IC2_-11,8
IC2_-10,3;34,32;-10,3;97;Soil.Ux;7,700;IC2_-11,8
IC2_-10,3;34,32;-10,3;104;Soil.Ux;8,210;IC2_-11,8
IC2_-10,3;34,32;-10,3;111;Soil.Ux;8,500;IC2_-11,8
IC2_-10,3;34,32;-10,3;118;Soil.Ux;9,870;IC2_-11,8
IC2_-10,3;34,32;-10,3;125;Soil.Ux;12,640;IC2_-11,8
IC2_-10,3;34,32;-10,3;132;Soil.Ux;13,210;IC2_-11,8
IC2_-10,3;34,32;-10,3;138;Soil.Ux;13,460;IC2_-11,8
IC2_-10,3;34,32;-10,3;146;Soil.Ux;13,690;IC2_-11,8
IC2_-10,3;34,32;-10,3;153;Soil.Ux;13,870;IC2_-11,8
IC2_-10,3;34,32;-10,3;160;Soil.Ux;13,820;IC2_-11,8
IC2_-10,3;34,32;-10,3;167;Soil.Ux;13,920;IC2_-11,8
IC2_-10,3;34,32;-10,3;174;Soil.Ux;14,040;IC2_-11,8
IC2_-11,3;34,32;-11,3;20;Soil.Ux;0,230;IC2_-11,8
IC2_-11,3;34,32;-11,3;27;Soil.Ux;0,360;IC2_-11,8
IC2_-11,3;34,32;-11,3;34;Soil.Ux;0,560;IC2_-11,8
IC2_-11,3;34,32;-11,3;41;Soil.Ux;0,850;IC2_-11,8
IC2_-11,3;34,32;-11,3;48;Soil.Ux;1,360;IC2_-11,8
IC2_-11,3;34,32;-11,3;55;Soil.Ux;1,620;IC2_-11,8
IC2_-11,3;34,32;-11,3;62;Soil.Ux;1,870;IC2_-11,8
IC2_-11,3;34,32;-11,3;69;Soil.Ux;2,180;IC2_-11,8
IC2_-11,3;34,32;-11,3;76;Soil.Ux;2,280;IC2_-11,8
IC2_-11,3;34,32;-11,3;83;Soil.Ux;2,310;IC2_-11,8
IC2_-11,3;34,32;-11,3;90;Soil.Ux;2,360;IC2_-11,8
IC2_-11,3;34,32;-11,3;97;Soil.Ux;2,450;IC2_-11,8
IC2_-11,3;34,32;-11,3;104;Soil.Ux;2,620;IC2_-11,8
IC2_-11,3;34,32;-11,3;111;Soil.Ux;2,730;IC2_-11,8
IC2_-11,3;34,32;-11,3;118;Soil.Ux;3,260;IC2_-11,8
IC2_-11,3;34,32;-11,3;125;Soil.Ux;4,480;IC2_-11,8
IC2_-11,3;34,32;-11,3;132;Soil.Ux;4,870;IC2_-11,8
IC2_-11,3;34,32;-11,3;138;Soil.Ux;5,050;IC2_-11,8
IC2_-11,3;34,32;-11,3;146;Soil.Ux;5,190;IC2_-11,8
IC2_-11,3;34,32;-11,3;153;Soil.Ux;5,270;IC2_-11,8
IC2_-11,3;34,32;-11,3;160;Soil.Ux;5,280;IC2_-11,8
IC2_-11,3;34,32;-11,3;167;Soil.Ux;5,370;IC2_-11,8
IC2_-11,3;34,32;-11,3;174;Soil.Ux;5,420;IC2_-11,8
IC1_-6,3;39,13;-6,3;20;Soil.Ux;2,230;IC1_-11,8
IC1_-6,3;39,13;-6,3;27;Soil.Ux;3,000;IC1_-11,8
IC1_-6,3;39,13;-6,3;34;Soil.Ux;4,390;IC1_-11,8
IC1_-6,3;39,13;-6,3;41;Soil.Ux;5,640;IC1_-11,8
IC1_-6,3;39,13;-6,3;48;Soil.Ux;7,180;IC1_-11,8
IC1_-6,3;39,13;-6,3;55;Soil.Ux;8,490;IC1_-11,8
IC1_-6,3;39,13;-6,3;62;Soil.Ux;9,290;IC1_-11,8
IC1_-6,3;39,13;-6,3;69;Soil.Ux;10,750;IC1_-11,8
IC1_-6,3;39,13;-6,3;76;Soil.Ux;11,430;IC1_-11,8
IC1_-6,3;39,13;-6,3;83;Soil.Ux;11,340;IC1_-11,8
IC1_-6,3;39,13;-6,3;90;Soil.Ux;12,760;IC1_-11,8
IC1_-6,3;39,13;-6,3;97;Soil.Ux;13,500;IC1_-11,8
IC1_-6,3;39,13;-6,3;104;Soil.Ux;13,570;IC1_-11,8
IC1_-6,3;39,13;-6,3;111;Soil.Ux;14,730;IC1_-11,8
IC1_-6,3;39,13;-6,3;118;Soil.Ux;16,960;IC1_-11,8
IC1_-6,3;39,13;-6,3;125;Soil.Ux;21,050;IC1_-11,8
IC1_-6,3;39,13;-6,3;132;Soil.Ux;21,670;IC1_-11,8
IC1_-6,3;39,13;-6,3;138;Soil.Ux;22,580;IC1_-11,8
IC1_-6,3;39,13;-6,3;146;Soil.Ux;23,070;IC1_-11,8
IC1_-6,3;39,13;-6,3;153;Soil.Ux;23,480;IC1_-11,8
IC1_-6,3;39,13;-6,3;160;Soil.Ux;23,350;IC1_-11,8
IC1_-6,3;39,13;-6,3;167;Soil.Ux;23,340;IC1_-11,8
IC1_-6,3;39,13;-6,3;174;Soil.Ux;24,070;IC1_-11,8
IC1_-7,3;39,13;-7,3;20;Soil.Ux;1,530;IC1_-11,8
IC1_-7,3;39,13;-7,3;27;Soil.Ux;1,510;IC1_-11,8
IC1_-7,3;39,13;-7,3;34;Soil.Ux;2,090;IC1_-11,8
IC1_-7,3;39,13;-7,3;41;Soil.Ux;3,100;IC1_-11,8
IC1_-7,3;39,13;-7,3;48;Soil.Ux;5,090;IC1_-11,8
IC1_-7,3;39,13;-7,3;55;Soil.Ux;6,660;IC1_-11,8
IC1_-7,3;39,13;-7,3;62;Soil.Ux;7,260;IC1_-11,8
IC1_-7,3;39,13;-7,3;69;Soil.Ux;8,780;IC1_-11,8
IC1_-7,3;39,13;-7,3;76;Soil.Ux;9,630;IC1_-11,8
IC1_-7,3;39,13;-7,3;83;Soil.Ux;9,280;IC1_-11,8
IC1_-7,3;39,13;-7,3;90;Soil.Ux;10,620;IC1_-11,8
IC1_-7,3;39,13;-7,3;97;Soil.Ux;11,180;IC1_-11,8
IC1_-7,3;39,13;-7,3;104;Soil.Ux;11,290;IC1_-11,8
IC1_-7,3;39,13;-7,3;111;Soil.Ux;12,270;IC1_-11,8
IC1_-7,3;39,13;-7,3;118;Soil.Ux;14,370;IC1_-11,8
IC1_-7,3;39,13;-7,3;125;Soil.Ux;18,200;IC1_-11,8
IC1_-7,3;39,13;-7,3;132;Soil.Ux;18,850;IC1_-11,8
IC1_-7,3;39,13;-7,3;138;Soil.Ux;19,520;IC1_-11,8
IC1_-7,3;39,13;-7,3;146;Soil.Ux;19,920;IC1_-11,8
IC1_-7,3;39,13;-7,3;153;Soil.Ux;20,250;IC1_-11,8
IC1_-7,3;39,13;-7,3;160;Soil.Ux;20,130;IC1_-11,8
IC1_-7,3;39,13;-7,3;167;Soil.Ux;20,200;IC1_-11,8
IC1_-7,3;39,13;-7,3;174;Soil.Ux;20,660;IC1_-11,8
IC1_-8,3;39,13;-8,3;20;Soil.Ux;1,370;IC1_-11,8
IC1_-8,3;39,13;-8,3;27;Soil.Ux;1,450;IC1_-11,8
IC1_-8,3;39,13;-8,3;34;Soil.Ux;2,000;IC1_-11,8
IC1_-8,3;39,13;-8,3;41;Soil.Ux;2,910;IC1_-11,8
IC1_-8,3;39,13;-8,3;48;Soil.Ux;4,640;IC1_-11,8
IC1_-8,3;39,13;-8,3;55;Soil.Ux;5,900;IC1_-11,8
IC1_-8,3;39,13;-8,3;62;Soil.Ux;6,450;IC1_-11,8
IC1_-8,3;39,13;-8,3;69;Soil.Ux;7,470;IC1_-11,8
IC1_-8,3;39,13;-8,3;76;Soil.Ux;8,190;IC1_-11,8
IC1_-8,3;39,13;-8,3;83;Soil.Ux;8,410;IC1_-11,8
IC1_-8,3;39,13;-8,3;90;Soil.Ux;8,800;IC1_-11,8
IC1_-8,3;39,13;-8,3;97;Soil.Ux;9,200;IC1_-11,8
IC1_-8,3;39,13;-8,3;104;Soil.Ux;9,360;IC1_-11,8
IC1_-8,3;39,13;-8,3;111;Soil.Ux;10,240;IC1_-11,8
IC1_-8,3;39,13;-8,3;118;Soil.Ux;12,030;IC1_-11,8
IC1_-8,3;39,13;-8,3;125;Soil.Ux;15,240;IC1_-11,8
IC1_-8,3;39,13;-8,3;132;Soil.Ux;15,750;IC1_-11,8
IC1_-8,3;39,13;-8,3;138;Soil.Ux;16,280;IC1_-11,8
IC1_-8,3;39,13;-8,3;146;Soil.Ux;16,600;IC1_-11,8
IC1_-8,3;39,13;-8,3;153;Soil.Ux;16,930;IC1_-11,8
IC1_-8,3;39,13;-8,3;160;Soil.Ux;16,800;IC1_-11,8
IC1_-8,3;39,13;-8,3;167;Soil.Ux;16,830;IC1_-11,8
IC1_-8,3;39,13;-8,3;174;Soil.Ux;17,190;IC1_-11,8
IC1_-9,3;39,13;-9,3;20;Soil.Ux;0,960;IC1_-11,8
IC1_-9,3;39,13;-9,3;27;Soil.Ux;1,100;IC1_-11,8
IC1_-9,3;39,13;-9,3;34;Soil.Ux;1,600;IC1_-11,8
IC1_-9,3;39,13;-9,3;41;Soil.Ux;2,360;IC1_-11,8
IC1_-9,3;39,13;-9,3;48;Soil.Ux;3,800;IC1_-11,8
IC1_-9,3;39,13;-9,3;55;Soil.Ux;4,770;IC1_-11,8
IC1_-9,3;39,13;-9,3;62;Soil.Ux;5,280;IC1_-11,8
IC1_-9,3;39,13;-9,3;69;Soil.Ux;6,040;IC1_-11,8
IC1_-9,3;39,13;-9,3;76;Soil.Ux;6,590;IC1_-11,8
IC1_-9,3;39,13;-9,3;83;Soil.Ux;6,650;IC1_-11,8
IC1_-9,3;39,13;-9,3;90;Soil.Ux;6,940;IC1_-11,8
IC1_-9,3;39,13;-9,3;97;Soil.Ux;7,140;IC1_-11,8
IC1_-9,3;39,13;-9,3;104;Soil.Ux;7,400;IC1_-11,8
IC1_-9,3;39,13;-9,3;111;Soil.Ux;7,990;IC1_-11,8
IC1_-9,3;39,13;-9,3;118;Soil.Ux;9,470;IC1_-11,8
IC1_-9,3;39,13;-9,3;125;Soil.Ux;12,020;IC1_-11,8
IC1_-9,3;39,13;-9,3;132;Soil.Ux;12,480;IC1_-11,8
IC1_-9,3;39,13;-9,3;138;Soil.Ux;12,890;IC1_-11,8
IC1_-9,3;39,13;-9,3;146;Soil.Ux;13,090;IC1_-11,8
IC1_-9,3;39,13;-9,3;153;Soil.Ux;13,360;IC1_-11,8
IC1_-9,3;39,13;-9,3;160;Soil.Ux;13,290;IC1_-11,8
IC1_-9,3;39,13;-9,3;167;Soil.Ux;13,250;IC1_-11,8
IC1_-9,3;39,13;-9,3;174;Soil.Ux;13,520;IC1_-11,8
IC1_-10,3;39,13;-10,3;20;Soil.Ux;0,610;IC1_-11,8
IC1_-10,3;39,13;-10,3;27;Soil.Ux;0,730;IC1_-11,8
IC1_-10,3;39,13;-10,3;34;Soil.Ux;1,060;IC1_-11,8
IC1_-10,3;39,13;-10,3;41;Soil.Ux;1,580;IC1_-11,8
IC1_-10,3;39,13;-10,3;48;Soil.Ux;2,480;IC1_-11,8
IC1_-10,3;39,13;-10,3;55;Soil.Ux;3,070;IC1_-11,8
IC1_-10,3;39,13;-10,3;62;Soil.Ux;3,350;IC1_-11,8
IC1_-10,3;39,13;-10,3;69;Soil.Ux;3,810;IC1_-11,8
IC1_-10,3;39,13;-10,3;76;Soil.Ux;4,210;IC1_-11,8
IC1_-10,3;39,13;-10,3;83;Soil.Ux;4,190;IC1_-11,8
IC1_-10,3;39,13;-10,3;90;Soil.Ux;4,380;IC1_-11,8
IC1_-10,3;39,13;-10,3;97;Soil.Ux;4,490;IC1_-11,8
IC1_-10,3;39,13;-10,3;104;Soil.Ux;4,620;IC1_-11,8
IC1_-10,3;39,13;-10,3;111;Soil.Ux;5,010;IC1_-11,8
IC1_-10,3;39,13;-10,3;118;Soil.Ux;5,940;IC1_-11,8
IC1_-10,3;39,13;-10,3;125;Soil.Ux;7,680;IC1_-11,8
IC1_-10,3;39,13;-10,3;132;Soil.Ux;8,030;IC1_-11,8
IC1_-10,3;39,13;-10,3;138;Soil.Ux;8,290;IC1_-11,8
IC1_-10,3;39,13;-10,3;146;Soil.Ux;8,460;IC1_-11,8
IC1_-10,3;39,13;-10,3;153;Soil.Ux;8,640;IC1_-11,8
IC1_-10,3;39,13;-10,3;160;Soil.Ux;8,590;IC1_-11,8
IC1_-10,3;39,13;-10,3;167;Soil.Ux;8,570;IC1_-11,8
IC1_-10,3;39,13;-10,3;174;Soil.Ux;8,700;IC1_-11,8
IC1_-11,3;39,13;-11,3;20;Soil.Ux;0,100;IC1_-11,8
IC1_-11,3;39,13;-11,3;27;Soil.Ux;0,130;IC1_-11,8
IC1_-11,3;39,13;-11,3;34;Soil.Ux;0,230;IC1_-11,8
IC1_-11,3;39,13;-11,3;41;Soil.Ux;0,360;IC1_-11,8
IC1_-11,3;39,13;-11,3;48;Soil.Ux;0,590;IC1_-11,8
IC1_-11,3;39,13;-11,3;55;Soil.Ux;0,750;IC1_-11,8
IC1_-11,3;39,13;-11,3;62;Soil.Ux;0,820;IC1_-11,8
IC1_-11,3;39,13;-11,3;69;Soil.Ux;0,950;IC1_-11,8
IC1_-11,3;39,13;-11,3;76;Soil.Ux;1,040;IC1_-11,8
IC1_-11,3;39,13;-11,3;83;Soil.Ux;1,070;IC1_-11,8
IC1_-11,3;39,13;-11,3;90;Soil.Ux;1,140;IC1_-11,8
IC1_-11,3;39,13;-11,3;97;Soil.Ux;1,170;IC1_-11,8
IC1_-11,3;39,13;-11,3;104;Soil.Ux;1,190;IC1_-11,8
IC1_-11,3;39,13;-11,3;111;Soil.Ux;1,310;IC1_-11,8
IC1_-11,3;39,13;-11,3;118;Soil.Ux;1,560;IC1_-11,8
IC1_-11,3;39,13;-11,3;125;Soil.Ux;2,130;IC1_-11,8
IC1_-11,3;39,13;-11,3;132;Soil.Ux;2,310;IC1_-11,8
IC1_-11,3;39,13;-11,3;138;Soil.Ux;2,420;IC1_-11,8
IC1_-11,3;39,13;-11,3;146;Soil.Ux;2,480;IC1_-11,8
IC1_-11,3;39,13;-11,3;153;Soil.Ux;2,550;IC1_-11,8
IC1_-11,3;39,13;-11,3;160;Soil.Ux;2,540;IC1_-11,8
IC1_-11,3;39,13;-11,3;167;Soil.Ux;2,560;IC1_-11,8
IC1_-11,3;39,13;-11,3;174;Soil.Ux;2,580;IC1_-11,8
